CREATE TABLE guests (
  id  int PRIMARY KEY,
  name VARCHAR(100),
  email VARCHAR(100)  NOT NULL,
  phone VARCHAR(15)  NOT NULL , 
  constraint el UNIQUE(email),
  constraint pe UNIQUE(phone)
);


INSERT INTO guests (id, name, email, phone, age, gender, address) VALUES
(1, 'John Smith', 'john.smith@example.com', '9856237414', 32, 'Male', 'No.89, Main St, Tuas Link Road, Singapore 689457'),
(2, 'Emily Johnson', 'emily.j@example.com', '8765400098', 28, 'Female', 'Blk 234, Jurong East St 21, #05-78, Singapore 600234'),
(3, 'Michael Brown', 'michael.b@example.com', '7654321987', 45, 'Male', 'Blk 123, Ang Mo Kio Ave 3, #12-345, Singapore 560123'),
(4, 'Sarah Davis', 'sarah.d@example.com', '9543219876', 31, 'Female', 'No.1, Clementi Rd, #08-12, Singapore 129001'),
(5, 'Robert Wilson', 'robert.w@example.com', '7432198765', 52, 'Male', 'Blk 456, Tampines St 42, #03-67, Singapore 520456'),
(6, 'Jennifer Martinez', 'jennifer.m@example.com', '9321987654', 27, 'Female', 'No.23, Orchard Rd, #15-01, Singapore 238879'),
(7, 'David Anderson', 'david.a@example.com', '7200076543', 38, 'Male', 'Blk 789, Bedok North St 2, #07-89, Singapore 460789'),
(8, 'Jessica Taylor', 'jessica.t@example.com', '9198765432', 29, 'Female', 'No.45, Serangoon Central, #04-56, Singapore 550045'),
(9, 'Thomas Moore', 'thomas.m@example.com', '9087654321', 41, 'Male', 'Blk 101, Bishan St 12, #11-11, Singapore 570101'),
(10, 'Lisa Jackson', 'lisa.j@example.com', '9876543210', 33, 'Female', 'No.67, Holland Village, #09-87, Singapore 278067'),
(11, 'Christopher Lee', 'christopher.l@example.com', '8765432109', 36, 'Male', 'Blk 111, Toa Payoh Lor 1, #02-22, Singapore 310111'),
(12, 'Amanda Harris', 'amanda.h@example.com', '7654321098', 24, 'Female', 'No.88, Marina Blvd, #33-44, Singapore 018956'),
(13, 'Daniel Clark', 'daniel.c@example.com', '6543210987', 42, 'Male', 'Blk 222, Yishun Ring Rd, #05-55, Singapore 760222'),
(14, 'Michelle Lewis', 'michelle.l@example.com', '9432109876', 30, 'Female', 'No.12, East Coast Rd, #07-08, Singapore 428712'),
(15, 'Matthew Walker', 'matthew.w@example.com', '8321098765', 47, 'Male', 'Blk 333, Sengkang East Way, #08-99, Singapore 540333'),
(16, 'Stephanie Hall', 'stephanie.h@example.com', '9210987654', 26, 'Female', 'No.34, Bukit Timah Rd, #12-34, Singapore 259934'),
(17, 'Andrew Allen', 'andrew.a@example.com', '7109876543', 39, 'Male', 'Blk 444, Punggol Central, #09-77, Singapore 820444'),
(18, 'Nicole Young', 'nicole.y@example.com', '8098765432', 28, 'Female', 'No.56, Thomson Rd, #03-21, Singapore 307656'),
(19, 'Joshua Hernandez', 'joshua.h@example.com', '9987654321', 35, 'Male', 'Blk 555, Hougang Ave 8, #14-32, Singapore 530555'),
(20, 'Kimberly King', 'kimberly.k@example.com', '9876543219', 29, 'Female', 'No.78, Balestier Rd, #06-45, Singapore 329778'),
(21, 'Kevin Wright', 'kevin.w@example.com', '8765432198', 44, 'Male', 'Blk 666, Choa Chu Kang Dr, #01-23, Singapore 680666'),
(22, 'Melissa Scott', 'melissa.s@example.com', '7654300087', 31, 'Female', 'No.90, River Valley Rd, #11-12, Singapore 248990'),
(23, 'Brian Green', 'brian.g@example.com', '6543219876', 37, 'Male', 'Blk 777, Bukit Batok St 11, #07-88, Singapore 650777'),
(24, 'Rebecca Adams', 'rebecca.a@example.com', '9432198765', 25, 'Female', 'No.23, Upper Bukit Timah Rd, #04-56, Singapore 678023'),
(25, 'Timothy Baker', 'timothy.b@example.com', '8321987654', 50, 'Male', 'Blk 888, Pasir Ris Dr 3, #12-34, Singapore 510888'),
(26, 'Laura Nelson', 'laura.n@example.com', '7219876543', 27, 'Female', 'No.45, Telok Blangah Rd, #08-90, Singapore 098445'),
(27, 'Richard Carter', 'richard.c@example.com', '6198765432', 43, 'Male', 'Blk 999, Woodlands Ave 6, #05-67, Singapore 730999'),
(28, 'Hannah Mitchell', 'hannah.m@example.com', '9987600321', 32, 'Female', 'No.67, Joo Chiat Rd, #09-87, Singapore 427667'),
(29, 'Charles Perez', 'charles.p@example.com', '9876543218', 38, 'Male', 'Blk 112, Tiong Bahru Rd, #03-21, Singapore 160112'),
(30, 'Samantha Roberts', 'samantha.r@example.com', '8765432187', 29, 'Female', 'No.89, Beach Rd, #14-32, Singapore 189689'),
(31, 'Steven Turner', 'steven.t@example.com', '7654321876', 46, 'Male', 'Blk 223, Jurong West St 42, #06-54, Singapore 640223'),
(32, 'Rachel Phillips', 'rachel.p@example.com', '6543218765', 33, 'Female', 'No.12, Farrer Rd, #07-65, Singapore 258012'),
(33, 'Jeffrey Campbell', 'jeffrey.c@example.com', '7432187654', 41, 'Male', 'Blk 334, Sembawang Dr, #10-98, Singapore 750334'),
(34, 'Megan Parker', 'megan.p@example.com', '8321876543', 26, 'Female', 'No.34, Alexandra Rd, #05-43, Singapore 119934'),
(35, 'Ryan Evans', 'ryan.e@example.com', '8218765432', 39, 'Male', 'Blk 445, Yew Tee Close, #08-76, Singapore 680445'),
(36, 'Lauren Edwards', 'lauren.e@example.com', '9187654321', 30, 'Female', 'No.56, Mountbatten Rd, #12-09, Singapore 397856'),
(37, 'Jason Stewart', 'jason.s@example.com', '9876543217', 45, 'Male', 'Blk 556, Bukit Panjang Ring Rd, #04-32, Singapore 670556'),
(38, 'Olivia Morris', 'olivia.m@example.com', '8765432176', 28, 'Female', 'No.78, Siglap Dr, #15-21, Singapore 456778'),
(39, 'Mark Rogers', 'mark.r@example.com', '7654321765', 37, 'Male', 'Blk 667, Potong Pasir Ave 1, #09-87, Singapore 350667'),
(40, 'Christina Cook', 'christina.c@example.com', '6543217654', 31, 'Female', 'No.90, Eastwood Rd, #06-54, Singapore 486790'),
(41, 'Paul Morgan', 'paul.m@example.com', '8432176543', 44, 'Male', 'Blk 778, Changi Rd, #11-23, Singapore 410778'),
(42, 'Victoria Bell', 'victoria.b@example.com', '9321765432', 27, 'Female', 'No.23, Sunset Way, #03-45, Singapore 597023'),
(43, 'Kenneth Murphy', 'kenneth.m@example.com', '9217654321', 36, 'Male', 'Blk 889, Marsiling Dr, #07-65, Singapore 730889'),
(44, 'Erica Bailey', 'erica.b@example.com', '8176543219', 29, 'Female', 'No.45, Opera Estate, #08-76, Singapore 437845'),
(45, 'Gregory Cooper', 'gregory.c@example.com', '9876543216', 42, 'Male', 'Blk 990, Admiralty Dr, #12-34, Singapore 740990'),
(46, 'Brittany Richardson', 'brittany.r@example.com', '8765432165', 25, 'Female', 'No.67, Coronation Rd, #05-43, Singapore 269767'),
(47, 'Patrick Howard', 'patrick.h@example.com', '7654321654', 38, 'Male', 'Blk 101, Woodlands Dr 16, #09-87, Singapore 730101'),
(48, 'Vanessa Ward', 'vanessa.w@example.com', '6543216543', 32, 'Female', 'No.89, Binjai Park, #14-21, Singapore 589789'),
(49, 'Dennis Torres', 'dennis.t@example.com', '8432165432', 47, 'Male', 'Blk 202, Yishun Ave 7, #03-32, Singapore 760202'),
(50, 'Allison Peterson', 'allison.p@example.com', '9321654321', 28, 'Female', 'No.12, Swiss Cottage Rd, #07-54, Singapore 288012')

INSERT INTO guests (id, name, email, phone, age, gender, address) VALUES
(51, 'Jeremy Gray', 'jeremy.g@example.com', '9216543219', 40, 'Male', 'Blk 303, Bukit Merah Central, #06-45, Singapore 150303'),
(52, 'Tiffany Ramirez', 'tiffany.r@example.com', '7165432198', 31, 'Female', 'No.34, Shelford Rd, #11-23, Singapore 468034'),
(53, 'Henry James', 'henry.j@example.com', '9876543215', 43, 'Male', 'Blk 404, Tampines Ave 5, #08-76, Singapore 520404'),
(54, 'Monica Watson', 'monica.w@example.com', '8765432154', 26, 'Female', 'No.56, Namly Ave, #05-34, Singapore 267556'),
(55, 'Douglas Brooks', 'douglas.b@example.com', '7654321543', 39, 'Male', 'Blk 505, Ang Mo Kio Ave 10, #12-21, Singapore 560505'),
(56, 'Crystal Kelly', 'crystal.k@example.com', '6543215432', 30, 'Female', 'No.78, Jalan Kayu, #09-87, Singapore 799678'),
(57, 'Peter Sanders', 'peter.s@example.com', '7432154321', 45, 'Male', 'Blk 606, Pasir Ris St 53, #04-56, Singapore 510606'),
(58, 'Erika Price', 'erika.p@example.com', '8321543219', 27, 'Female', 'No.90, Sixth Ave, #03-21, Singapore 276990'),
(59, 'Carl Bennett', 'carl.b@example.com', '9215432198', 36, 'Male', 'Blk 707, Clementi Ave 3, #07-65, Singapore 120707'),
(60, 'Sabrina Wood', 'sabrina.w@example.com', '9154321987', 29, 'Female', 'No.23, King Albert Park, #14-32, Singapore 598023'),
(61, 'Keith Barnes', 'keith.b@example.com', '9876543214', 42, 'Male', 'Blk 808, Bedok Reservoir Rd, #11-23, Singapore 470808'),
(62, 'Alexandra Ross', 'alexandra.r@example.com', '8765432143', 25, 'Female', 'No.45, Sunset Blvd, #06-54, Singapore 129945'),
(63, 'Ronald Henderson', 'ronald.h@example.com', '7654321432', 38, 'Male', 'Blk 909, Jurong East Ave 1, #09-87, Singapore 600909'),
(64, 'Miranda Coleman', 'miranda.c@example.com', '6543214321', 32, 'Female', 'No.67, Chestnut Ave, #12-09, Singapore 679667'),
(65, 'Franklin Jenkins', 'franklin.j@example.com', '5432143219', 47, 'Male', 'Blk 110, Serangoon North Ave 1, #05-43, Singapore 550110'),
(66, 'Bethany Perry', 'bethany.p@example.com', '4321432198', 28, 'Female', 'No.89, Faber Dr, #08-76, Singapore 129789'),
(67, 'Raymond Powell', 'raymond.p@example.com', '3214321987', 40, 'Male', 'Blk 211, Hougang St 21, #03-21, Singapore 530211'),
(68, 'Veronica Long', 'veronica.l@example.com', '2143219876', 31, 'Female', 'No.12, Jalan Jurong Kechil, #07-54, Singapore 598012'),
(69, 'Philip Hughes', 'philip.h@example.com', '9876543213', 43, 'Male', 'Blk 312, Tampines St 33, #14-32, Singapore 520312'),
(70, 'Caroline Foster', 'caroline.f@example.com', '8765432132', 26, 'Female', 'No.34, Lorong Chuan, #11-23, Singapore 556734'),
(71, 'Louis Butler', 'louis.b@example.com', '7654321321', 39, 'Male', 'Blk 413, Punggol Field, #06-45, Singapore 820413'),
(72, 'Jocelyn Simmons', 'jocelyn.s@example.com', '6543213219', 30, 'Female', 'No.56, Jalan Binchang, #05-34, Singapore 578956'),
(73, 'Wayne Russell', 'wayne.r@example.com', '5432132198', 45, 'Male', 'Blk 514, Sembawang Cres, #09-87, Singapore 750514'),
(74, 'Angelica Ortiz', 'angelica.o@example.com', '4321321987', 27, 'Female', 'No.78, Jalan Tua Kong, #12-21, Singapore 457878'),
(75, 'Albert Bryant', 'albert.b@example.com', '3213219876', 36, 'Male', 'Blk 615, Yishun St 61, #03-56, Singapore 760615'),
(76, 'Chelsea Alexander', 'chelsea.a@example.com', '2132198765', 29, 'Female', 'No.90, Jalan Selaseh, #08-09, Singapore 678990'),
(77, 'Samuel Griffin', 'samuel.g@example.com', '9876543212', 42, 'Male', 'Blk 716, Bukit Batok West Ave 5, #07-65, Singapore 650716'),
(78, 'Margaret Diaz', 'margaret.d@example.com', '8765432121', 25, 'Female', 'No.23, Jalan Pari Burong, #14-32, Singapore 488023'),
(79, 'Bruce Hayes', 'bruce.h@example.com', '7654321219', 38, 'Male', 'Blk 817, Choa Chu Kang Loop, #11-23, Singapore 680817'),
(80, 'Jasmine Myers', 'jasmine.m@example.com', '6543212198', 32, 'Female', 'No.45, Jalan Kelichap, #06-54, Singapore 537845'),
(81, 'Vincent Ford', 'vincent.f@example.com', '5432121987', 47, 'Male', 'Blk 918, Woodlands Dr 70, #05-43, Singapore 730918'),
(82, 'Caitlin Hamilton', 'caitlin.h@example.com', '4321219876', 28, 'Female', 'No.67, Jalan Limau Kasturi, #09-76, Singapore 459967'),
(83, 'Ethan Graham', 'ethan.g@example.com', '3212198765', 40, 'Male', 'Blk 119, Jurong West St 65, #12-09, Singapore 640119'),
(84, 'Heather Sullivan', 'heather.s@example.com', '2121987654', 31, 'Female', 'No.89, Jalan Pelikat, #03-21, Singapore 537889'),
(85, 'Roy Wallace', 'roy.w@example.com', '9876543211', 43, 'Male', 'Blk 220, Tampines Ave 7, #08-54, Singapore 520220'),
(86, 'Alexis Woods', 'alexis.w@example.com', '8765432119', 26, 'Female', 'No.12, Jalan Kembangan, #15-32, Singapore 418012'),
(87, 'Bobby Cole', 'bobby.c@example.com', '7654321198', 39, 'Male', 'Blk 321, Punggol Walk, #07-65, Singapore 820321'),
(88, 'Molly West', 'molly.w@example.com', '6543211987', 30, 'Female', 'No.34, Jalan Senang, #11-23, Singapore 428034'),
(89, 'Johnny Owens', 'johnny.o@example.com', '5432119876', 45, 'Male', 'Blk 422, Sengkang West Way, #04-56, Singapore 540422'),
(90, 'Evelyn Fisher', 'evelyn.f@example.com', '4321198765', 27, 'Female', 'No.56, Jalan Mas Puteh, #09-87, Singapore 457856'),
(91, 'Tony Reynolds', 'tony.r@example.com', '3211987654', 36, 'Male', 'Blk 523, Hougang Ave 4, #12-34, Singapore 530523'),
(92, 'Miriam Ellis', 'miriam.e@example.com', '2119876543', 29, 'Female', 'No.78, Jalan Taman, #06-45, Singapore 267878'),
(93, 'Leonard Harrison', 'leonard.h@example.com', '9876000210', 42, 'Male', 'Blk 624, Bedok North Ave 4, #03-21, Singapore 460624'),
(94, 'Naomi Gibson', 'naomi.g@example.com', '8700021090', 25, 'Female', 'No.90, Jalan Selamat, #14-09, Singapore 458990'),
(95, 'Russell Mcdonald', 'russell.m@example.com', '765480008', 38, 'Male', 'Blk 725, Yishun St 81, #08-76, Singapore 760725'),
(96, 'Kristen Cruz', 'kristen.c@example.com', '6043210987', 32, 'Female', 'No.23, Jalan Angin Laut, #05-43, Singapore 468023'),
(97, 'Howard Marshall', 'howard.m@example.com', '8432109876', 47, 'Male', 'Blk 826, Jurong East St 32, #11-23, Singapore 600826'),
(98, 'Brianna Ortiz', 'brianna.o@example.com', '7321098765', 28, 'Female', 'No.45, Jalan Beringin, #07-54, Singapore 578945'),
(99, 'Fred Gordon', 'fred.g@example.com', '9210988795', 40, 'Male', 'Blk 927, Tampines St 91, #09-87, Singapore 520927'),
(100, 'Angel Murray', 'angel.m@example.com', '8109876543', 31, 'Female', 'No.67, Jalan Chempaka Kuning, #12-34, Singapore 459967')

INSERT INTO guests (id, name, email, phone, age, gender, address) VALUES
(101, 'Earl Freeman', 'earl.f@example.com', '1098765432', 44, 'Male', 'Blk 128, Sengkang East Ave, #06-45, Singapore 540128'),
(102, 'Lydia Wells', 'lydia.w@example.com', '0987654321', 27, 'Female', 'No.89, Jalan Senang, #03-21, Singapore 468989'),
(103, 'Dale Webb', 'dale.w@example.com', '9876543209', 36, 'Male', 'Blk 229, Punggol Central, #14-32, Singapore 820229'),
(104, 'Monique Simpson', 'monique.s@example.com', '8765432098', 29, 'Female', 'No.12, Jalan Kelabu, #08-09, Singapore 578012'),
(105, 'Rodney Stevens', 'rodney.s@example.com', '7654320987', 42, 'Male', 'Blk 330, Hougang St 52, #05-34, Singapore 530330'),
(106, 'Tara Tucker', 'tara.t@example.com', '6543209876', 25, 'Female', 'No.34, Jalan Limau Manis, #11-23, Singapore 459034'),
(107, 'Bradley Porter', 'bradley.p@example.com', '5432098765', 38, 'Male', 'Blk 431, Bukit Batok East Ave 3, #07-65, Singapore 650431'),
(108, 'Katelyn Hunter', 'katelyn.h@example.com', '4320987654', 32, 'Female', 'No.56, Jalan Kechil, #12-21, Singapore 458956'),
(109, 'Gerald Hicks', 'gerald.h@example.com', '3209876543', 47, 'Male', 'Blk 532, Woodlands Ave 1, #09-87, Singapore 730532'),
(110, 'Leslie Crawford', 'leslie.c@example.com', '2098765432', 28, 'Female', 'No.78, Jalan Pari Dedap, #04-56, Singapore 679978'),
(111, 'Barry Henry', 'barry.h@example.com', '0987654320', 40, 'Male', 'Blk 633, Ang Mo Kio Ave 8, #03-21, Singapore 560633'),
(112, 'Jill Boyd', 'jill.b@example.com', '9876543208', 31, 'Female', 'No.90, Jalan Buloh Perindu, #14-09, Singapore 678990'),
(113, 'Alexander Mason', 'alexander.m@example.com', '8765432087', 44, 'Male', 'Blk 734, Tampines North Dr 1, #08-76, Singapore 520734'),
(114, 'Lillian Jordan', 'lillian.j@example.com', '7654320876', 27, 'Female', 'No.23, Jalan Chempaka Puteh, #05-43, Singapore 129023'),
(115, 'Benjamin Ferguson', 'benjamin.f@example.com', '6543208765', 36, 'Male', 'Blk 835, Sembawang Vista, #11-23, Singapore 750835'),
(116, 'Kristin Rose', 'kristin.r@example.com', '5432087654', 29, 'Female', 'No.45, Jalan Haji Alias, #07-54, Singapore 459045'),
(117, 'Philip Ryan', 'philip.r@example.com', '4320876543', 42, 'Male', 'Blk 936, Jurong West St 75, #12-34, Singapore 640936'),
(118, 'Joyce Schmidt', 'joyce.s@example.com', '3208765432', 25, 'Female', 'No.67, Jalan Kakatua, #09-87, Singapore 578967'),
(119, 'Craig Carroll', 'craig.c@example.com', '2087654321', 38, 'Male', 'Blk 137, Punggol East, #06-45, Singapore 820137'),
(120, 'Stacey Palmer', 'stacey.p@example.com', '9876543207', 32, 'Female', 'No.89, Jalan Tembusu, #03-21, Singapore 458989'),
(121, 'Norman George', 'norman.g@example.com', '8765432076', 47, 'Male', 'Blk 238, Hougang Ave 7, #14-32, Singapore 530238'),
(122, 'Tina Greene', 'tina.g@example.com', '7654320765', 28, 'Female', 'No.12, Jalan Kuras, #08-09, Singapore 678012'),
(123, 'Allen Dean', 'allen.d@example.com', '6543207654', 40, 'Male', 'Blk 339, Yishun Ave 11, #05-34, Singapore 760339'),
(124, 'Lorraine Burke', 'lorraine.b@example.com', '5432076543', 31, 'Female', 'No.34, Jalan Binjai, #11-23, Singapore 589034'),
(125, 'Glenn Larson', 'glenn.l@example.com', '4320765432', 44, 'Male', 'Blk 440, Bukit Panjang Rd, #07-65, Singapore 670440'),
(126, 'Shelly Pearson', 'shelly.p@example.com', '3207654321', 27, 'Female', 'No.56, Jalan Chempaka, #12-21, Singapore 129056'),
(127, 'Harry Howell', 'harry.h@example.com', '2076543219', 36, 'Male', 'Blk 541, Choa Chu Kang Ave 4, #09-87, Singapore 680541'),
(128, 'Gina Arnold', 'gina.a@example.com', '9876543206', 29, 'Female', 'No.78, Jalan Selanting, #04-56, Singapore 459978'),
(129, 'Francisco Pierce', 'francisco.p@example.com', '8765432065', 42, 'Male', 'Blk 642, Tampines St 62, #03-21, Singapore 520642'),
(130, 'Priscilla Tran', 'priscilla.t@example.com', '7654320654', 25, 'Female', 'No.90, Jalan Limau Kasturi, #14-09, Singapore 578990'),
(131, 'Clarence Spencer', 'clarence.s@example.com', '6543206543', 38, 'Male', 'Blk 743, Sengkang West Ave, #08-76, Singapore 540743'),
(132, 'Nina Gardner', 'nina.g@example.com', '5432065432', 32, 'Female', 'No.23, Jalan Kembangan, #05-43, Singapore 418023'),
(133, 'Leroy Gardner', 'leroy.g@example.com', '4320654321', 47, 'Male', 'Blk 844, Punggol Field Walk, #11-23, Singapore 820844'),
(134, 'Marlene Fuller', 'marlene.f@example.com', '3206543219', 28, 'Female', 'No.45, Jalan Pari Kikis, #07-54, Singapore 129945'),
(135, 'Gene Wheeler', 'gene.w@example.com', '2065432198', 40, 'Male', 'Blk 945, Jurong West Ave 5, #12-34, Singapore 640945'),
(136, 'Dawn Johnston', 'dawn.j@example.com', '9876543205', 31, 'Female', 'No.67, Jalan Binjai, #09-87, Singapore 589067'),
(137, 'Dwayne Hamilton', 'dwayne.h@example.com', '8765432054', 44, 'Male', 'Blk 156, Woodlands Dr 50, #06-45, Singapore 730156'),
(138, 'Lynne Fowler', 'lynne.f@example.com', '7654320543', 27, 'Female', 'No.89, Jalan Chempaka Kuning, #03-21, Singapore 459989'),
(139, 'Kirk Valdez', 'kirk.v@example.com', '6543205432', 36, 'Male', 'Blk 257, Ang Mo Kio St 52, #14-32, Singapore 560257'),
(140, 'Rosemary Guzman', 'rosemary.g@example.com', '5432054321', 29, 'Female', 'No.12, Jalan Selaseh, #08-09, Singapore 678012'),
(141, 'Tommy Davidson', 'tommy.d@example.com', '4320543219', 42, 'Male', 'Blk 358, Tampines St 34, #05-34, Singapore 520358'),
(142, 'Eileen Manning', 'eileen.m@example.com', '3205432198', 25, 'Female', 'No.34, Jalan Limau Purut, #11-23, Singapore 468034'),
(143, 'Calvin Chambers', 'calvin.c@example.com', '2054321987', 38, 'Male', 'Blk 459, Bedok South Ave 1, #07-65, Singapore 460459'),
(144, 'Gwendolyn Neal', 'gwendolyn.n@example.com', '9876543204', 32, 'Female', 'No.56, Jalan Chempaka Puteh, #12-21, Singapore 129056'),
(145, 'Leon Douglas', 'leon.d@example.com', '8765432043', 47, 'Male', 'Blk 560, Jurong East St 24, #09-87, Singapore 600560'),
(146, 'Jodi Jensen', 'jodi.j@example.com', '7654320432', 28, 'Female', 'No.78, Jalan Haji Alias, #04-56, Singapore 459078'),
(147, 'Vernon Barrett', 'vernon.b@example.com', '6543204321', 40, 'Male', 'Blk 661, Hougang Ave 8, #03-21, Singapore 530661'),
(148, 'Yvonne Lawson', 'yvonne.l@example.com', '5432043219', 31, 'Female', 'No.90, Jalan Binchang, #14-09, Singapore 578990'),
(149, 'Dean Jimenez', 'dean.j@example.com', '4320432198', 44, 'Male', 'Blk 762, Sengkang East Dr, #08-76, Singapore 540762'),
(150, 'Tanya Francis', 'tanya.f@example.com', '3204321987', 27, 'Female', 'No.23, Jalan Mas Kuning, #05-43, Singapore 129023')

INSERT INTO guests (id, name, email, phone, age, gender, address) VALUES
(151, 'Jay Snyder', 'jay.s@example.com', '2043219876', 36, 'Male', 'Blk 863, Punggol Central, #11-23, Singapore 820863'),
(152, 'Marcia Brewer', 'marcia.b@example.com', '9876543203', 29, 'Female', 'No.45, Jalan Limau Nipis, #07-54, Singapore 468045'),
(153, 'Travis Lynch', 'travis.l@example.com', '8765432032', 42, 'Male', 'Blk 964, Woodlands Ave 5, #12-34, Singapore 730964'),
(154, 'Shelley Vega', 'shelley.v@example.com', '7654320321', 25, 'Female', 'No.67, Jalan Chempaka, #09-87, Singapore 129067'),
(155, 'Brent Sutton', 'brent.s@example.com', '6543203219', 38, 'Male', 'Blk 175, Yishun St 11, #06-45, Singapore 760175'),
(156, 'Loretta Cohen', 'loretta.c@example.com', '5432032198', 32, 'Female', 'No.89, Jalan Pari Dedap, #03-21, Singapore 679989'),
(157, 'Lance Jennings', 'lance.j@example.com', '4320321987', 47, 'Male', 'Blk 286, Tampines St 22, #14-32, Singapore 520286'),
(158, 'Marsha Parks', 'marsha.p@example.com', '3203219876', 28, 'Female', 'No.12, Jalan Limau Kasturi, #08-09, Singapore 457912'),
(159, 'Derrick Fleming', 'derrick.f@example.com', '2032198765', 40, 'Male', 'Blk 397, Jurong West St 42, #05-34, Singapore 640397'),
(160, 'Vera Wolfe', 'vera.w@example.com', '9876543202', 31, 'Female', 'No.34, Jalan Binjai, #11-23, Singapore 589034'),
(161, 'Felix Barker', 'felix.b@example.com', '8765432021', 44, 'Male', 'Blk 408, Bukit Batok St 41, #07-65, Singapore 650408'),
(162, 'Melody Norton', 'melody.n@example.com', '7654320219', 27, 'Female', 'No.56, Jalan Kechil, #12-21, Singapore 458956'),
(163, 'Roland Hoffman', 'roland.h@example.com', '6543202198', 36, 'Male', 'Blk 519, Sembawang Dr, #09-87, Singapore 750519'),
(164, 'Dianne Zimmerman', 'dianne.z@example.com', '5432021987', 29, 'Female', 'No.78, Jalan Pari Burong, #04-56, Singapore 488078'),
(165, 'Eddie Willis', 'eddie.w@example.com', '4320219876', 42, 'Male', 'Blk 620, Ang Mo Kio Ave 10, #03-21, Singapore 560620'),
(166, 'Tamara Silva', 'tamara.s@example.com', '3202198765', 25, 'Female', 'No.90, Jalan Selanting, #14-09, Singapore 459990'),
(167, 'Terry Chandler', 'terry.c@example.com', '2021987654', 38, 'Male', 'Blk 731, Hougang Ave 3, #08-76, Singapore 530731'),
(168, 'Lena Joseph', 'lena.j@example.com', '9876543201', 32, 'Female', 'No.23, Jalan Limau Manis, #05-43, Singapore 459023'),
(169, 'Clifton Joseph', 'clifton.j@example.com', '8765432019', 47, 'Male', 'Blk 842, Tampines St 82, #11-23, Singapore 520842'),
(170, 'Gretchen Baldwin', 'gretchen.b@example.com', '7654320198', 28, 'Female', 'No.45, Jalan Kembangan, #07-54, Singapore 418045'),
(171, 'Milton Newton', 'milton.n@example.com', '6543201987', 40, 'Male', 'Blk 953, Woodlands Dr 16, #12-34, Singapore 730953'),
(172, 'Kristy Potter', 'kristy.p@example.com', '5432019876', 31, 'Female', 'No.67, Jalan Chempaka Puteh, #09-87, Singapore 129067'),
(173, 'Lonnie Thornton', 'lonnie.t@example.com', '4320198765', 44, 'Male', 'Blk 164, Jurong East St 13, #06-45, Singapore 600164'),
(174, 'Hope Todd', 'hope.t@example.com', '3201987654', 27, 'Female', 'No.89, Jalan Binjai, #03-21, Singapore 589089'),
(175, 'Daryl Blair', 'daryl.b@example.com', '2019876543', 36, 'Male', 'Blk 275, Sengkang East Way, #14-32, Singapore 540275'),
(176, 'Faith Cross', 'faith.c@example.com', '9876543200', 29, 'Female', 'No.12, Jalan Limau Kasturi, #08-09, Singapore 457912'),
(177, 'Jimmie Hines', 'jimmie.h@example.com', '8765432009', 42, 'Male', 'Blk 386, Punggol Field, #05-34, Singapore 820386'),
(178, 'Lola Cummings', 'lola.c@example.com', '7654320098', 25, 'Female', 'No.34, Jalan Pari Dedap, #11-23, Singapore 679934'),
(179, 'Alfredo Sharp', 'alfredo.s@example.com', '6543200987', 38, 'Male', 'Blk 497, Yishun Ave 6, #07-65, Singapore 760497'),
(180, 'Jeannette Harmon', 'jeannette.h@example.com', '5432009876', 32, 'Female', 'No.56, Jalan Selaseh, #12-21, Singapore 678056'),
(181, 'Drew Salazar', 'drew.s@example.com', '4320098765', 47, 'Male', 'Blk 508, Bukit Panjang Ring Rd, #09-87, Singapore 670508'),
(182, 'Tricia Austin', 'tricia.a@example.com', '3200987654', 28, 'Female', 'No.78, Jalan Kuras, #04-56, Singapore 678078'),
(183, 'Kurt Figueroa', 'kurt.f@example.com', '2009876543', 40, 'Male', 'Blk 619, Tampines St 71, #03-21, Singapore 520619'),
(184, 'Lakisha Bowen', 'lakisha.b@example.com', '9876543199', 31, 'Female', 'No.90, Jalan Chempaka, #14-09, Singapore 129090'),
(185, 'Rudy Little', 'rudy.l@example.com', '8765431998', 44, 'Male', 'Blk 720, Jurong West St 91, #08-76, Singapore 640720'),
(186, 'Latoya Gregory', 'latoya.g@example.com', '7654319987', 27, 'Female', 'No.23, Jalan Binchang, #05-43, Singapore 578023'),
(187, 'Roosevelt Shelton', 'roosevelt.s@example.com', '6543199876', 36, 'Male', 'Blk 831, Hougang Ave 7, #11-23, Singapore 530831'),
(188, 'Miranda Quinn', 'miranda.q@example.com', '5431998765', 29, 'Female', 'No.45, Jalan Limau Nipis, #07-54, Singapore 468045'),
(189, 'Damon Fletcher', 'damon.f@example.com', '4319987654', 42, 'Male', 'Blk 942, Woodlands Dr 14, #12-34, Singapore 730942'),
(190, 'Leticia Blake', 'leticia.b@example.com', '3199876543', 25, 'Female', 'No.67, Jalan Pari Kikis, #09-87, Singapore 129967'),
(191, 'Lorenzo Malone', 'lorenzo.m@example.com', '1998765432', 38, 'Male', 'Blk 153, Sengkang Central, #06-45, Singapore 540153'),
(192, 'Tasha Love', 'tasha.l@example.com', '9876543198', 32, 'Female', 'No.89, Jalan Selanting, #03-21, Singapore 459989'),
(193, 'Perry Hooper', 'perry.h@example.com', '8765431987', 47, 'Male', 'Blk 264, Ang Mo Kio Ave 6, #14-32, Singapore 560264'),
(194, 'Elsa Robbins', 'elsa.r@example.com', '7654319876', 28, 'Female', 'No.12, Jalan Kechil, #08-09, Singapore 458912'),
(195, 'Terrell Mathis', 'terrell.m@example.com', '6543198765', 40, 'Male', 'Blk 375, Tampines St 33, #05-34, Singapore 520375'),
(196, 'Ginger Higgins', 'ginger.h@example.com', '5431987654', 31, 'Female', 'No.34, Jalan Chempaka Kuning, #11-23, Singapore 459034'),
(197, 'Malcolm Oconnor', 'malcolm.o@example.com', '4319876543', 44, 'Male', 'Blk 486, Jurong East Ave 1, #07-65, Singapore 600486'),
(198, 'Nikki Aguilar', 'nikki.a@example.com', '3198765432', 27, 'Female', 'No.56, Jalan Limau Kasturi, #12-21, Singapore 457956'),
(199, 'Rex Swanson', 'rex.s@example.com', '1987654320', 36, 'Male', 'Blk 597, Punggol Drive, #09-87, Singapore 820597'),
(200, 'Kara Gill', 'kara.g@example.com', '9876543197', 29, 'Female', 'No.78, Jalan Binjai, #04-56, Singapore 589078')

INSERT INTO guests (id, name, email, phone, age, gender, address) VALUES
(201, 'Ramon Graves', 'ramon.g@example.com', '8765431976', 42, 'Male', 'Blk 708, Bukit Batok Central, #03-21, Singapore 650708'),
(202, 'Rosie Ballard', 'rosie.b@example.com', '7654319765', 25, 'Female', 'No.90, Jalan Pari Burong, #14-09, Singapore 488090'),
(203, 'Byron Short', 'byron.s@example.com', '6543197654', 38, 'Male', 'Blk 819, Yishun Ave 9, #08-76, Singapore 760819'),
(204, 'Janie Carlson', 'janie.c@example.com', '5431976543', 32, 'Female', 'No.23, Jalan Selaseh, #05-43, Singapore 678023'),
(205, 'Dewey Bowen', 'dewey.b@example.com', '4319765432', 47, 'Male', 'Blk 920, Sembawang Dr, #11-23, Singapore 750920'),
(206, 'Lena Nash', 'lena.n@example.com', '3197654321', 28, 'Female', 'No.45, Jalan Kembangan, #07-54, Singapore 418045'),
(207, 'Salvatore Steele', 'salvatore.s@example.com', '1976543219', 40, 'Male', 'Blk 131, Hougang St 11, #12-34, Singapore 530131'),
(208, 'Maggie Curry', 'maggie.c@example.com', '9876543196', 31, 'Female', 'No.67, Jalan Limau Manis, #09-87, Singapore 459067'),
(209, 'Rogelio Phelps', 'rogelio.p@example.com', '8765431965', 44, 'Male', 'Blk 242, Tampines North Dr 2, #06-45, Singapore 520242'),
(210, 'Nina Bridges', 'nina.b@example.com', '7654319654', 27, 'Female', 'No.89, Jalan Chempaka, #03-21, Singapore 129989'),
(211, 'Rudy Wagner', 'rudy.w@example.com', '6543196543', 36, 'Male', 'Blk 353, Woodlands Ave 1, #14-32, Singapore 730353'),
(212, 'Lorena Bush', 'lorena.b@example.com', '5431965432', 29, 'Female', 'No.12, Jalan Pari Dedap, #08-09, Singapore 679912'),
(213, 'Grady Parks', 'grady.p@example.com', '4319654321', 42, 'Male', 'Blk 464, Jurong West St 65, #05-34, Singapore 640464'),
(214, 'Daisy Warner', 'daisy.w@example.com', '3196543219', 25, 'Female', 'No.34, Jalan Binjai, #11-23, Singapore 589034'),
(215, 'Dexter Goodman', 'dexter.g@example.com', '1965432198', 38, 'Male', 'Blk 575, Sengkang East Ave, #07-65, Singapore 540575'),
(216, 'Lena Hopkins', 'lena.h@example.com', '9876543195', 32, 'Female', 'No.56, Jalan Selanting, #12-21, Singapore 459956'),
(217, 'Alton Manning', 'alton.m@example.com', '8765431954', 47, 'Male', 'Blk 686, Punggol Walk, #09-87, Singapore 820686'),
(218, 'Gayle Moss', 'gayle.m@example.com', '7654319543', 28, 'Female', 'No.78, Jalan Kuras, #04-56, Singapore 678078'),
(219, 'Elias Roberson', 'elias.r@example.com', '6543195432', 40, 'Male', 'Blk 797, Ang Mo Kio Ave 3, #03-21, Singapore 560797'),
(220, 'Lula Lucas', 'lula.l@example.com', '5431954321', 31, 'Female', 'No.90, Jalan Limau Kasturi, #14-09, Singapore 457990'),
(221, 'Wilbert Fowler', 'wilbert.f@example.com', '4319543219', 44, 'Male', 'Blk 808, Bukit Batok West Ave 6, #08-76, Singapore 650808'),
(222, 'Gena Zimmerman', 'gena.z@example.com', '3195432198', 27, 'Female', 'No.23, Jalan Chempaka Kuning, #05-43, Singapore 459023'),
(223, 'Benny Holland', 'benny.h@example.com', '1954321987', 36, 'Male', 'Blk 919, Yishun St 21, #11-23, Singapore 760919'),
(224, 'Lena Conner', 'lena.c@example.com', '9876543194', 29, 'Female', 'No.45, Jalan Pari Burong, #07-54, Singapore 488045'),
(225, 'Marty Adkins', 'marty.a@example.com', '8765431943', 42, 'Male', 'Blk 120, Tampines St 11, #12-34, Singapore 520120'),
(226, 'Lynnette Mcgee', 'lynnette.m@example.com', '7654319432', 25, 'Female', 'No.67, Jalan Binchang, #09-87, Singapore 578067'),
(227, 'Loren Mcdaniel', 'loren.m@example.com', '6543194321', 38, 'Male', 'Blk 231, Hougang Ave 1, #06-45, Singapore 530231'),
(228, 'Karin Mckinney', 'karin.m@example.com', '5431943219', 32, 'Female', 'No.89, Jalan Selaseh, #03-21, Singapore 678089'),
(229, 'Darin Lloyd', 'darin.l@example.com', '4319432198', 47, 'Male', 'Blk 342, Woodlands Dr 16, #14-32, Singapore 730342'),
(230, 'Lena Chandler', 'lena.ch@example.com', '3194321987', 28, 'Female', 'No.12, Jalan Limau Nipis, #08-09, Singapore 468012'),
(231, 'Darius Pacheco', 'darius.p@example.com', '9789012357', 37, 'Male', '10 Tampines Central 1, #13-21, Tampines 1, Singapore 529536'),
(232, 'Marianne Santana', 'marianne.s@example.com', '8890123468', 25, 'Female', 'Blk 606, Ang Mo Kio Ave 10, #15-65, Singapore 560606'),
(233, 'Darell Sheppard', 'darell.s@example.com', '9901234579', 44, 'Male', '23 Serangoon Central, #09-09, NEX, Singapore 556083'),
(234, 'Tamera Oneal', 'tamera.o@example.com', '8012345690', 35, 'Female', 'Blk 707, Bedok South Ave 1, #14-09, Singapore 460707'),
(235, 'Elton Horn', 'elton.h@example.com', '9123456802', 47, 'Male', '50 Jurong Gateway Road, #13-15, JEM, Singapore 608549'),
(236, 'Rosalyn Bowers', 'rosalyn.b@example.com', '8234567813', 28, 'Female', 'Blk 808, Woodlands Drive 14, #13-32, Singapore 730808'),
(237, 'Tad Mueller', 'tad.m@example.com', '9345678924', 40, 'Male', '435 Orchard Road, #13-09, Wisma Atria, Singapore 238877'),
(238, 'Lela Hull', 'lela.h@example.com', '8456789035', 32, 'Female', 'Blk 909, Yishun St 11, #17-43, Singapore 760909'),
(239, 'Dorian Branch', 'dorian.b@example.com', '9567890146', 46, 'Male', '68 Orchard Road, #15-17, Plaza Singapura, Singapore 238839'),
(240, 'Roxanne Salinas', 'roxanne.s@example.com', '8678901257', 29, 'Female', 'Blk 010, Jurong East St 32, #16-65, Singapore 600010'),
(241, 'Tory Schroeder', 'tory.s@example.com', '9789012358', 39, 'Male', '1 HarbourFront Walk, #10-13, VivoCity, Singapore 098585'),
(242, 'Lourdes Waller', 'lourdes.w@example.com', '8890123469', 31, 'Female', 'Blk 111, Tampines Ave 7, #19-09, Singapore 520111'),
(243, 'Jasper Yates', 'jasper.y@example.com', '9901234580', 45, 'Male', '252 North Bridge Road, #14-20, Raffles City Shopping Centre, Singapore 179103'),
(244, 'Tamika Short', 'tamika.s@example.com', '8012345691', 30, 'Female', 'Blk 212, Sengkang West Ave, #14-54, Singapore 540212'),
(245, 'Elvis Cote', 'elvis.c@example.com', '9123456803', 48, 'Male', '2 Orchard Turn, #B1-17, ION Orchard, Singapore 238801'),
(246, 'Rochelle Donaldson', 'rochelle.d@example.com', '8234567814', 27, 'Female', 'Blk 313, Bukit Batok West Ave 7, #11-21, Singapore 650313'),
(247, 'Robby Blankenship', 'robby.b@example.com', '9345678925', 42, 'Male', '3 Temasek Boulevard, #12-11, Suntec City Mall, Singapore 038983'),
(248, 'Tessie Gill', 'tessie.g@example.com', '8456789036', 35, 'Female', 'Blk 414, Punggol Field, #18-32, Singapore 820414'),
(249, 'Elvin Hahn', 'elvin.h@example.com', '9567890147', 51, 'Male', '1 Vista Exchange Green, #12-13, The Star Vista, Singapore 138617'),
(250, 'Lorie Mcmillan', 'lorie.m@example.com', '8678901258', 34, 'Female', 'Blk 515, Pasir Ris Drive 3, #11-43, Singapore 510515');


--2
CREATE TABLE room_types (
  id INT PRIMARY KEY,
  type_name VARCHAR(50),
  price_per_night float
);
select * from room_types
-- truncate table room_types 
INSERT INTO room_types (id, type_name, price_per_night) VALUES
(1, 'Standard Single Room', 80),
(2, 'Standard Double Room', 110),
(3, 'Deluxe Single Room', 120),
(4, 'Deluxe Double Room', 150),
(5, 'Executive Suite', 220),
(6, 'Presidential Suite', 400),
(7, 'Family Room', 180),
(8, 'Junior Suite', 190),
(9, 'Superior Double Room', 170),
(10, 'Superior Twin Room', 160),
(11, 'Economy Single Room', 60),
(12, 'Economy Double Room', 90),
(13, 'Ocean View Room', 200),
(14, 'Garden View Room', 140),
(15, 'City View Room', 130),
(16, 'Poolside Room', 180),
(17, 'Honeymoon Suite', 280),
(18, 'Penthouse Suite', 500),
(19, 'Accessible Room', 150),
(20, 'Studio Apartment', 160),
(21, 'One-Bedroom Apartment', 210),
(22, 'Two-Bedroom Apartment', 290),
(23, 'King Room', 175),
(24, 'Queen Room', 165),
(25, 'Twin Room', 140),
(26, 'Triple Room', 200),
(27, 'Quad Room', 240),
(28, 'Connecting Rooms', 300),
(29, 'Adjoining Rooms', 310),
(30, 'VIP Suite', 350),
(31, 'Luxury Suite', 450),
(32, 'Business Room', 180),
(33, 'Club Room', 220),
(34, 'Corner Suite', 230),
(35, 'Duplex Suite', 380),
(36, 'Royal Suite', 600),
(37, 'Grand Suite', 550),
(38, 'Loft Room', 190),
(39, 'Terrace Room', 210),
(40, 'Balcony Room', 200),
(41, 'Smoking Room', 160),
(42, 'Non-Smoking Room', 160),
(43, 'Pet-Friendly Room', 170),
(44, 'Standard Triple Room', 220),
(45, 'Deluxe Triple Room', 260),
(46, 'Superior Triple Room', 240),
(47, 'Standard Quad Room', 250),
(48, 'Deluxe Quad Room', 300),
(49, 'Superior Quad Room', 280),
(50, 'Bunk Bed Room', 120),
(51, 'Cabin Room', 140),
(52, 'Villa', 400),
(53, 'Beachfront Room', 320),
(54, 'Mountain View Room', 180),
(55, 'Rooftop Suite', 420),
(56, 'Spa Suite', 380),
(57, 'Romantic Suite', 270),
(58, 'Executive King Room', 240),
(59, 'Executive Queen Room', 230),
(60, 'Executive Twin Room', 220),
(61, 'Standard Family Room', 200),
(62, 'Deluxe Family Room', 250),
(63, 'Superior Family Room', 230),
(64, 'Budget Single Room', 50),
(65, 'Budget Double Room', 75),
(66, 'Budget Triple Room', 100),
(67, 'Budget Quad Room', 120),
(68, 'Standard Studio', 150),
(69, 'Deluxe Studio', 190),
(70, 'Superior Studio', 170),
(71, 'Standard Accessible Room', 140),
(72, 'Deluxe Accessible Room', 180),
(73, 'Superior Accessible Room', 160),
(74, 'Standard Smoking Room', 150),
(75, 'Deluxe Smoking Room', 190),
(76, 'Superior Smoking Room', 170),
(77, 'Standard Non-Smoking Room', 150),
(78, 'Deluxe Non-Smoking Room', 190),
(79, 'Superior Non-Smoking Room', 170),
(80, 'Standard Pet-Friendly Room', 160),
(81, 'Deluxe Pet-Friendly Room', 200),
(82, 'Superior Pet-Friendly Room', 180),
(83, 'Standard Ocean View Room', 180),
(84, 'Deluxe Ocean View Room', 240),
(85, 'Superior Ocean View Room', 210),
(86, 'Standard Garden View Room', 130),
(87, 'Deluxe Garden View Room', 170),
(88, 'Superior Garden View Room', 150),
(89, 'Standard City View Room', 120),
(90, 'Deluxe City View Room', 160),
(91, 'Superior City View Room', 140),
(92, 'Standard Poolside Room', 160),
(93, 'Deluxe Poolside Room', 210),
(94, 'Superior Poolside Room', 190),
(95, 'Standard Honeymoon Suite', 250),
(96, 'Deluxe Honeymoon Suite', 320),
(97, 'Superior Honeymoon Suite', 280),
(98, 'Standard Business Room', 160),
(99, 'Deluxe Business Room', 210),
(100, 'Superior Business Room', 190);

--3

CREATE TABLE rooms (
  id INT PRIMARY KEY,
  room_number VARCHAR(10) UNIQUE,
  room_type_id INT,
  is_available BOOLEAN DEFAULT TRUE,
  FOREIGN KEY (room_type_id) REFERENCES room_types(id)
);


INSERT INTO rooms (id, room_number, room_type_id, is_available) VALUES
(1, '101', 1, TRUE),
(2, '102', 1, FALSE),
(3, '103', 2, TRUE),
(4, '104', 2, TRUE),
(5, '105', 3, FALSE),
(6, '106', 3, TRUE),
(7, '107', 4, TRUE),
(8, '108', 4, FALSE),
(9, '109', 5, TRUE),
(10, '110', 5, TRUE),
(11, '201', 6, FALSE),
(12, '202', 6, TRUE),
(13, '203', 7, TRUE),
(14, '204', 7, TRUE),
(15, '205', 8, FALSE),
(16, '206', 8, TRUE),
(17, '207', 9, TRUE),
(18, '208', 9, TRUE),
(19, '209', 10, FALSE),
(20, '210', 10, TRUE),
(21, '301', 11, TRUE),
(22, '302', 11, TRUE),
(23, '303', 12, FALSE),
(24, '304', 12, TRUE),
(25, '305', 13, TRUE),
(26, '306', 13, TRUE),
(27, '307', 14, FALSE),
(28, '308', 14, TRUE),
(29, '309', 15, TRUE),
(30, '310', 15, TRUE),
(31, '401', 16, FALSE),
(32, '402', 16, TRUE),
(33, '403', 17, TRUE),
(34, '404', 17, TRUE),
(35, '405', 18, FALSE),
(36, '406', 18, TRUE),
(37, '407', 19, TRUE),
(38, '408', 19, TRUE),
(39, '409', 20, FALSE),
(40, '410', 20, TRUE),
(41, '501', 21, TRUE),
(42, '502', 21, TRUE),
(43, '503', 22, FALSE),
(44, '504', 22, TRUE),
(45, '505', 23, TRUE),
(46, '506', 23, TRUE),
(47, '507', 24, FALSE),
(48, '508', 24, TRUE),
(49, '509', 25, TRUE),
(50, '510', 25, TRUE),
(51, '601', 26, FALSE),
(52, '602', 26, TRUE),
(53, '603', 27, TRUE),
(54, '604', 27, TRUE),
(55, '605', 28, FALSE),
(56, '606', 28, TRUE),
(57, '607', 29, TRUE),
(58, '608', 29, TRUE),
(59, '609', 30, FALSE),
(60, '610', 30, TRUE),
(61, '701', 31, TRUE),
(62, '702', 31, TRUE),
(63, '703', 32, FALSE),
(64, '704', 32, TRUE),
(65, '705', 33, TRUE),
(66, '706', 33, TRUE),
(67, '707', 34, FALSE),
(68, '708', 34, TRUE),
(69, '709', 35, TRUE),
(70, '710', 35, TRUE),
(71, '801', 36, FALSE),
(72, '802', 36, TRUE),
(73, '803', 37, TRUE),
(74, '804', 37, TRUE),
(75, '805', 38, FALSE),
(76, '806', 38, TRUE),
(77, '807', 39, TRUE),
(78, '808', 39, TRUE),
(79, '809', 40, FALSE),
(80, '810', 40, TRUE),
(81, '901', 41, TRUE),
(82, '902', 41, TRUE),
(83, '903', 42, FALSE),
(84, '904', 42, TRUE),
(85, '905', 43, TRUE),
(86, '906', 43, TRUE),
(87, '907', 44, FALSE),
(88, '908', 44, TRUE),
(89, '909', 45, TRUE),
(90, '910', 45, TRUE),
(91, '1001', 46, FALSE),
(92, '1002', 46, TRUE),
(93, '1003', 47, TRUE),
(94, '1004', 47, TRUE),
(95, '1005', 48, FALSE),
(96, '1006', 48, TRUE),
(97, '1007', 49, TRUE),
(98, '1008', 49, TRUE),
(99, '1009', 50, FALSE),
(100, '1010', 50, TRUE),
(101, '111', 1, TRUE),
(102, '112', 1, FALSE),
(103, '113', 2, TRUE),
(104, '114', 2, TRUE),
(105, '115', 3, FALSE),
(106, '116', 3, TRUE),
(107, '117', 4, TRUE),
(108, '118', 4, FALSE),
(109, '119', 5, TRUE),
(110, '120', 5, TRUE),
(111, '211', 6, FALSE),
(112, '212', 6, TRUE),
(113, '213', 7, TRUE),
(114, '214', 7, TRUE),
(115, '215', 8, FALSE),
(116, '216', 8, TRUE),
(117, '217', 9, TRUE),
(118, '218', 9, TRUE),
(119, '219', 10, FALSE),
(120, '220', 10, TRUE),
(121, '311', 11, TRUE),
(122, '312', 11, TRUE),
(123, '313', 12, FALSE),
(124, '314', 12, TRUE),
(125, '315', 13, TRUE),
(126, '316', 13, TRUE),
(127, '317', 14, FALSE),
(128, '318', 14, TRUE),
(129, '319', 15, TRUE),
(130, '320', 15, TRUE),
(131, '411', 16, FALSE),
(132, '412', 16, TRUE),
(133, '413', 17, TRUE),
(134, '414', 17, TRUE),
(135, '415', 18, FALSE),
(136, '416', 18, TRUE),
(137, '417', 19, TRUE),
(138, '418', 19, TRUE),
(139, '419', 20, FALSE),
(140, '420', 20, TRUE),
(141, '511', 21, TRUE),
(142, '512', 21, TRUE),
(143, '513', 22, FALSE),
(144, '514', 22, TRUE),
(145, '515', 23, TRUE),
(146, '516', 23, TRUE),
(147, '517', 24, FALSE),
(148, '518', 24, TRUE),
(149, '519', 25, TRUE),
(150, '520', 25, TRUE),
(151, '611', 26, FALSE),
(152, '612', 26, TRUE),
(153, '613', 27, TRUE),
(154, '614', 27, TRUE),
(155, '615', 28, FALSE),
(156, '616', 28, TRUE),
(157, '617', 29, TRUE),
(158, '618', 29, TRUE),
(159, '619', 30, FALSE),
(160, '620', 30, TRUE),
(161, '711', 31, TRUE),
(162, '712', 31, TRUE),
(163, '713', 32, FALSE),
(164, '714', 32, TRUE),
(165, '715', 33, TRUE),
(166, '716', 33, TRUE),
(167, '717', 34, FALSE),
(168, '718', 34, TRUE),
(169, '719', 35, TRUE),
(170, '720', 35, TRUE),
(171, '811', 36, FALSE),
(172, '812', 36, TRUE),
(173, '813', 37, TRUE),
(174, '814', 37, TRUE),
(175, '815', 38, FALSE),
(176, '816', 38, TRUE),
(177, '817', 39, TRUE),
(178, '818', 39, TRUE),
(179, '819', 40, FALSE),
(180, '820', 40, TRUE),
(181, '911', 41, TRUE),
(182, '912', 41, TRUE),
(183, '913', 42, FALSE),
(184, '914', 42, TRUE),
(185, '915', 43, TRUE),
(186, '916', 43, TRUE),
(187, '917', 44, FALSE),
(188, '918', 44, TRUE),
(189, '919', 45, TRUE),
(190, '920', 45, TRUE),
(191, '1011', 46, FALSE),
(192, '1012', 46, TRUE),
(193, '1013', 47, TRUE),
(194, '1014', 47, TRUE),
(195, '1015', 48, FALSE),
(196, '1016', 48, TRUE),
(197, '1017', 49, TRUE),
(198, '1018', 49, TRUE),
(199, '1019', 50, FALSE),
(200, '1020', 50, TRUE),
(201, '121', 1, TRUE),
(202, '122', 1, FALSE),
(203, '123', 2, TRUE),
(204, '124', 2, TRUE),
(205, '125', 3, FALSE),
(206, '126', 3, TRUE),
(207, '127', 4, TRUE),
(208, '128', 4, FALSE),
(209, '129', 5, TRUE),
(210, '130', 5, TRUE),
(211, '221', 6, FALSE),
(212, '222', 6, TRUE),
(213, '223', 7, TRUE),
(214, '224', 7, TRUE),
(215, '225', 8, FALSE),
(216, '226', 8, TRUE),
(217, '227', 9, TRUE),
(218, '228', 9, TRUE),
(219, '229', 10, FALSE),
(220, '230', 10, TRUE),
(221, '321', 11, TRUE),
(222, '322', 11, TRUE),
(223, '323', 12, FALSE),
(224, '324', 12, TRUE),
(225, '325', 13, TRUE),
(226, '326', 13, TRUE),
(227, '327', 14, FALSE),
(228, '328', 14, TRUE),
(229, '329', 15, TRUE),
(230, '330', 15, TRUE),
(231, '421', 16, FALSE),
(232, '422', 16, TRUE),
(233, '423', 17, TRUE),
(234, '424', 17, TRUE),
(235, '425', 18, FALSE),
(236, '426', 18, TRUE),
(237, '427', 19, TRUE),
(238, '428', 19, TRUE),
(239, '429', 20, FALSE),
(240, '430', 20, TRUE),
(241, '521', 21, TRUE),
(242, '522', 21, TRUE),
(243, '523', 22, FALSE),
(244, '524', 22, TRUE),
(245, '525', 23, TRUE),
(246, '526', 23, TRUE),
(247, '527', 24, FALSE),
(248, '528', 24, TRUE),
(249, '529', 25, TRUE),
(250, '530', 25, TRUE);

--4

CREATE TABLE bookings (
  id INT PRIMARY KEY,
  guest_id INT,
  room_id INT,
  check_in DATE,
  check_out DATE,
  status VARCHAR(20),
  FOREIGN KEY (guest_id) REFERENCES guests(id),
  FOREIGN KEY (room_id) REFERENCES rooms(id)
);


INSERT INTO bookings (id, guest_id, room_id, check_in, check_out, status) VALUES
(1, 101, 5, '2023-01-05', '2023-01-08', 'completed'),
(2, 215, 12, '2023-01-10', '2023-01-15', 'completed'),
(3, 178, 8, '2023-01-12', '2023-01-14', 'completed'),
(4, 250, 3, '2023-01-15', '2023-01-20', 'completed'),
(5, 42, 17, '2023-01-18', '2023-01-22', 'completed'),
(6, 189, 34, '2023-01-20', '2023-01-25', 'completed'),
(7, 76, 89, '2023-01-22', '2023-01-27', 'completed'),
(8, 133, 56, '2023-01-25', '2023-01-30', 'completed'),
(9, 205, 72, '2023-01-28', '2023-02-02', 'completed'),
(10, 31, 41, '2023-02-01', '2023-02-05', 'completed'),
(11, 97, 93, '2023-02-03', '2023-02-08', 'completed'),
(12, 224, 28, '2023-02-05', '2023-02-10', 'completed'),
(13, 158, 65, '2023-02-08', '2023-02-12', 'completed'),
(14, 63, 14, '2023-02-10', '2023-02-15', 'completed'),
(15, 142, 79, '2023-02-12', '2023-02-17', 'completed'),
(16, 27, 36, '2023-02-15', '2023-02-20', 'completed'),
(17, 198, 52, '2023-02-18', '2023-02-23', 'completed'),
(18, 84, 21, '2023-02-20', '2023-02-25', 'completed'),
(19, 231, 98, '2023-02-22', '2023-02-27', 'completed'),
(20, 115, 43, '2023-02-25', '2023-03-02', 'completed'),
(21, 52, 67, '2023-02-28', '2023-03-05', 'completed'),
(22, 176, 29, '2023-03-03', '2023-03-08', 'completed'),
(23, 93, 81, '2023-03-05', '2023-03-10', 'completed'),
(24, 207, 16, '2023-03-08', '2023-03-13', 'completed'),
(25, 38, 54, '2023-03-10', '2023-03-15', 'completed'),
(26, 149, 92, '2023-03-12', '2023-03-17', 'completed'),
(27, 71, 37, '2023-03-15', '2023-03-20', 'completed'),
(28, 222, 63, '2023-03-18', '2023-03-23', 'completed'),
(29, 106, 48, '2023-03-20', '2023-03-25', 'completed'),
(30, 193, 75, '2023-03-22', '2023-03-27', 'completed'),
(31, 47, 22, '2023-03-25', '2023-03-30', 'completed'),
(32, 134, 59, '2023-03-28', '2023-04-02', 'completed'),
(33, 81, 96, '2023-03-30', '2023-04-04', 'completed'),
(34, 216, 31, '2023-04-02', '2023-04-07', 'completed'),
(35, 123, 68, '2023-04-05', '2023-04-10', 'completed'),
(36, 59, 45, '2023-04-07', '2023-04-12', 'completed'),
(37, 182, 83, '2023-04-10', '2023-04-15', 'completed'),
(38, 35, 26, '2023-04-12', '2023-04-17', 'completed'),
(39, 167, 71, '2023-04-15', '2023-04-20', 'completed'),
(40, 244, 19, '2023-04-18', '2023-04-23', 'completed'),
(41, 88, 57, '2023-04-20', '2023-04-25', 'completed'),
(42, 201, 94, '2023-04-22', '2023-04-27', 'completed'),
(43, 112, 38, '2023-04-25', '2023-04-30', 'completed'),
(44, 69, 64, '2023-04-28', '2023-05-03', 'completed'),
(45, 153, 27, '2023-04-30', '2023-05-05', 'completed'),
(46, 28, 82, '2023-05-03', '2023-05-08', 'completed'),
(47, 195, 49, '2023-05-05', '2023-05-10', 'completed'),
(48, 77, 15, '2023-05-08', '2023-05-13', 'completed'),
(49, 229, 73, '2023-05-10', '2023-05-15', 'completed'),
(50, 104, 32, '2023-05-13', '2023-05-18', 'completed'),
(51, 53, 88, '2023-05-15', '2023-05-20', 'completed'),
(52, 186, 51, '2023-05-18', '2023-05-23', 'completed'),
(53, 41, 24, '2023-05-20', '2023-05-25', 'completed'),
(54, 172, 69, '2023-05-22', '2023-05-27', 'completed'),
(55, 95, 46, '2023-05-25', '2023-05-30', 'completed'),
(56, 213, 97, '2023-05-28', '2023-06-02', 'completed'),
(57, 127, 35, '2023-05-30', '2023-06-04', 'completed'),
(58, 64, 78, '2023-06-02', '2023-06-07', 'completed'),
(59, 147, 53, '2023-06-05', '2023-06-10', 'completed'),
(60, 32, 87, '2023-06-07', '2023-06-12', 'completed'),
(61, 199, 42, '2023-06-10', '2023-06-15', 'completed'),
(62, 83, 18, '2023-06-12', '2023-06-17', 'completed'),
(63, 234, 76, '2023-06-15', '2023-06-20', 'completed'),
(64, 118, 33, '2023-06-18', '2023-06-23', 'completed'),
(65, 55, 91, '2023-06-20', '2023-06-25', 'completed'),
(66, 162, 58, '2023-06-22', '2023-06-27', 'completed'),
(67, 39, 25, '2023-06-25', '2023-06-30', 'completed'),
(68, 206, 62, '2023-06-28', '2023-07-03', 'completed'),
(69, 91, 47, '2023-06-30', '2023-07-05', 'completed'),
(70, 178, 84, '2023-07-03', '2023-07-08', 'completed'),
(71, 125, 39, '2023-07-05', '2023-07-10', 'completed'),
(72, 67, 74, '2023-07-08', '2023-07-13', 'completed'),
(73, 143, 23, '2023-07-10', '2023-07-15', 'completed'),
(74, 211, 66, '2023-07-13', '2023-07-18', 'completed'),
(75, 96, 13, '2023-07-15', '2023-07-20', 'completed'),
(76, 237, 85, '2023-07-18', '2023-07-23', 'completed'),
(77, 72, 44, '2023-07-20', '2023-07-25', 'completed'),
(78, 155, 99, '2023-07-22', '2023-07-27', 'completed'),
(79, 44, 61, '2023-07-25', '2023-07-30', 'completed'),
(80, 187, 28, '2023-07-28', '2023-08-02', 'completed'),
(81, 113, 77, '2023-07-30', '2023-08-04', 'completed'),
(82, 61, 52, '2023-08-02', '2023-08-07', 'completed'),
(83, 168, 19, '2023-08-05', '2023-08-10', 'completed'),
(84, 37, 86, '2023-08-07', '2023-08-12', 'completed'),
(85, 202, 34, '2023-08-10', '2023-08-15', 'completed'),
(86, 129, 71, '2023-08-12', '2023-08-17', 'completed'),
(87, 74, 48, '2023-08-15', '2023-08-20', 'completed'),
(88, 219, 95, '2023-08-18', '2023-08-23', 'completed'),
(89, 102, 27, '2023-08-20', '2023-08-25', 'completed'),
(90, 51, 63, '2023-08-22', '2023-08-27', 'completed'),
(91, 164, 41, '2023-08-25', '2023-08-30', 'completed'),
(92, 29, 89, '2023-08-28', '2023-09-02', 'completed'),
(93, 191, 56, '2023-08-30', '2023-09-04', 'completed'),
(94, 78, 22, '2023-09-02', '2023-09-07', 'completed'),
(95, 141, 68, '2023-09-05', '2023-09-10', 'completed'),
(96, 45, 37, '2023-09-07', '2023-09-12', 'completed'),
(97, 226, 93, '2023-09-10', '2023-09-15', 'completed'),
(98, 107, 54, '2023-09-12', '2023-09-17', 'completed'),
(99, 63, 81, '2023-09-15', '2023-09-20', 'completed'),
(100, 194, 49, '2023-09-18', '2023-09-23', 'completed'),
(101, 121, 16, '2023-09-20', '2023-09-25', 'completed'),
(102, 57, 72, '2023-09-22', '2023-09-27', 'completed'),
(103, 173, 38, '2023-09-25', '2023-09-30', 'completed'),
(104, 36, 94, '2023-09-28', '2023-10-03', 'completed'),
(105, 209, 65, '2023-09-30', '2023-10-05', 'completed'),
(106, 94, 43, '2023-10-03', '2023-10-08', 'completed'),
(107, 157, 79, '2023-10-05', '2023-10-10', 'completed'),
(108, 48, 26, '2023-10-08', '2023-10-13', 'completed'),
(109, 223, 83, '2023-10-10', '2023-10-15', 'completed'),
(110, 136, 57, '2023-10-13', '2023-10-18', 'completed'),
(111, 71, 32, '2023-10-15', '2023-10-20', 'completed'),
(112, 198, 98, '2023-10-18', '2023-10-23', 'completed'),
(113, 85, 45, '2023-10-20', '2023-10-25', 'completed'),
(114, 232, 21, '2023-10-22', '2023-10-27', 'completed'),
(115, 119, 76, '2023-10-25', '2023-10-30', 'completed'),
(116, 54, 53, '2023-10-28', '2023-11-02', 'completed'),
(117, 181, 87, '2023-10-30', '2023-11-04', 'completed'),
(118, 43, 64, '2023-11-02', '2023-11-07', 'completed'),
(119, 165, 29, '2023-11-05', '2023-11-10', 'completed'),
(120, 92, 96, '2023-11-07', '2023-11-12', 'completed'),
(121, 235, 51, '2023-11-10', '2023-11-15', 'completed'),
(122, 108, 18, '2023-11-12', '2023-11-17', 'completed'),
(123, 65, 73, '2023-11-15', '2023-11-20', 'completed'),
(124, 148, 47, '2023-11-18', '2023-11-23', 'completed'),
(125, 33, 82, '2023-11-20', '2023-11-25', 'completed'),
(126, 200, 35, '2023-11-22', '2023-11-27', 'completed'),
(127, 87, 69, '2023-11-25', '2023-11-30', 'completed'),
(128, 214, 24, '2023-11-28', '2023-12-03', 'completed'),
(129, 131, 91, '2023-11-30', '2023-12-05', 'completed'),
(130, 58, 58, '2023-12-03', '2023-12-08', 'completed'),
(131, 183, 33, '2023-12-05', '2023-12-10', 'completed'),
(132, 40, 78, '2023-12-08', '2023-12-13', 'completed'),
(133, 217, 42, '2023-12-10', '2023-12-15', 'completed'),
(134, 124, 97, '2023-12-13', '2023-12-18', 'completed'),
(135, 79, 46, '2023-12-15', '2023-12-20', 'completed'),
(136, 246, 85, '2023-12-18', '2023-12-23', 'completed'),
(137, 111, 62, '2023-12-20', '2023-12-25', 'completed'),
(138, 66, 39, '2023-12-22', '2023-12-27', 'completed'),
(139, 151, 74, '2023-12-25', '2023-12-30', 'completed'),
(140, 34, 23, '2023-12-28', '2024-01-02', 'completed'),
(141, 197, 67, '2023-12-30', '2024-01-04', 'completed'),
(142, 82, 44, '2024-01-02', '2024-01-07', 'completed'),
(143, 159, 99, '2024-01-05', '2024-01-10', 'completed'),
(144, 46, 61, '2024-01-07', '2024-01-12', 'completed'),
(145, 225, 28, '2024-01-10', '2024-01-15', 'completed'),
(146, 132, 77, '2024-01-12', '2024-01-17', 'completed'),
(147, 73, 52, '2024-01-15', '2024-01-20', 'completed'),
(148, 210, 19, '2024-01-18', '2024-01-23', 'completed'),
(149, 99, 86, '2024-01-20', '2024-01-25', 'completed'),
(150, 248, 34, '2024-01-22', '2024-01-27', 'completed');

--5

CREATE TABLE payments (
  id INT PRIMARY KEY,
  booking_id INT,
  amount INT,
  payment_method VARCHAR(50),
  payment_date TIMESTAMP,
  FOREIGN KEY (booking_id) REFERENCES bookings(id)
);

INSERT INTO payments (id, booking_id, amount, payment_method, payment_date) VALUES

(1, 1, 450, 'Credit Card', '2023-01-04 14:32:21'),
(2, 2, 750, 'Credit Card', '2023-01-09 09:15:43'),
(3, 3, 300, 'Debit Card', '2023-01-11 16:45:12'),
(4, 4, 900, 'Bank Transfer', '2023-01-14 11:23:34'),
(5, 5, 600, 'Credit Card', '2023-01-17 13:56:45'),
(6, 6, 825, 'Debit Card', '2023-01-19 10:12:33'),
(7, 7, 240, 'Credit Card', '2023-01-21 15:43:21'),
(8, 8, 1125, 'PayPal', '2023-01-24 17:32:54'),
(9, 9, 360, 'Debit Card', '2023-01-26 12:15:43'),
(10, 10, 900, 'Credit Card', '2023-01-27 14:23:12'),
(11, 11, 1200, 'Bank Transfer', '2023-01-29 09:45:32'),
(12, 12, 540, 'Credit Card', '2023-01-30 16:32:43'),
(13, 13, 1350, 'PayPal', '2023-01-30 18:12:54'),
(14, 14, 720, 'Debit Card', '2023-01-30 10:43:21'),
(15, 15, 1575, 'Credit Card', '2023-01-31 14:32:43'),
(16, 16, 150, 'Cash', '2023-01-31 19:21:32'),
(17, 17, 540, 'Credit Card', '2023-01-31 11:43:54'),
(18, 18, 900, 'Debit Card', '2023-01-31 15:32:21'),
(19, 19, 1575, 'Bank Transfer', '2023-01-31 17:54:32'),
(20, 20, 300, 'Credit Card', '2023-01-31 13:21:43'),

(21, 21, 600, 'Credit Card', '2023-02-02 14:32:11'),
(22, 22, 900, 'Debit Card', '2023-02-04 09:43:22'),
(23, 23, 720, 'Credit Card', '2023-02-07 16:54:33'),
(24, 24, 1125, 'PayPal', '2023-02-09 11:12:44'),
(25, 25, 300, 'Debit Card', '2023-02-11 13:23:55'),
(26, 26, 720, 'Credit Card', '2023-02-13 15:34:11'),
(27, 27, 900, 'Bank Transfer', '2023-02-15 17:45:22'),
(28, 28, 720, 'Credit Card', '2023-02-17 12:56:33'),
(29, 29, 1125, 'Debit Card', '2023-02-19 14:12:44'),
(30, 30, 1125, 'Credit Card', '2023-02-21 16:23:55'),
(31, 31, 600, 'PayPal', '2023-02-23 18:34:11'),
(32, 32, 1350, 'Credit Card', '2023-02-24 10:45:22'),
(33, 33, 450, 'Debit Card', '2023-02-25 12:56:33'),
(34, 34, 1575, 'Bank Transfer', '2023-02-26 14:12:44'),
(35, 35, 450, 'Credit Card', '2023-02-27 16:23:55'),
(36, 36, 1350, 'Debit Card', '2023-02-28 18:34:11'),
(37, 37, 900, 'Credit Card', '2023-02-28 10:45:22'),
(38, 38, 1575, 'PayPal', '2023-02-28 12:56:33'),
(39, 39, 300, 'Debit Card', '2023-02-28 14:12:44'),
(40, 40, 1800, 'Credit Card', '2023-02-28 16:23:55'),

(41, 41, 600, 'Credit Card', '2023-02-28 18:34:11'),
(42, 42, 900, 'Debit Card', '2023-03-02 10:45:22'),
(43, 43, 900, 'Bank Transfer', '2023-03-04 12:56:33'),
(44, 44, 1125, 'Credit Card', '2023-03-06 14:12:44'),
(45, 45, 300, 'Debit Card', '2023-03-08 16:23:55'),
(46, 46, 720, 'Credit Card', '2023-03-10 18:34:11'),
(47, 47, 900, 'PayPal', '2023-03-12 10:45:22'),
(48, 48, 720, 'Debit Card', '2023-03-14 12:56:33'),
(49, 49, 1125, 'Credit Card', '2023-03-16 14:12:44'),
(50, 50, 1125, 'Bank Transfer', '2023-03-18 16:23:55'),
(51, 51, 600, 'Credit Card', '2023-03-20 18:34:11'),
(52, 52, 1350, 'Debit Card', '2023-03-22 10:45:22'),
(53, 53, 600, 'Credit Card', '2023-03-24 12:56:33'),
(54, 54, 1575, 'PayPal', '2023-03-26 14:12:44'),
(55, 55, 450, 'Debit Card', '2023-03-28 16:23:55'),
(56, 56, 1350, 'Credit Card', '2023-03-29 18:34:11'),
(57, 57, 900, 'Bank Transfer', '2023-03-30 10:45:22'),
(58, 58, 1575, 'Credit Card', '2023-03-31 12:56:33'),
(59, 59, 300, 'Debit Card', '2023-03-31 14:12:44'),
(60, 60, 1800, 'PayPal', '2023-03-31 16:23:55'),

(61, 61, 600, 'Credit Card', '2023-03-31 18:34:11'),
(62, 62, 900, 'Debit Card', '2023-04-02 10:45:22'),
(63, 63, 900, 'Bank Transfer', '2023-04-04 12:56:33'),
(64, 64, 1125, 'Credit Card', '2023-04-06 14:12:44'),
(65, 65, 300, 'PayPal', '2023-04-08 16:23:55'),
(66, 66, 720, 'Debit Card', '2023-04-10 18:34:11'),
(67, 67, 900, 'Credit Card', '2023-04-12 10:45:22'),
(68, 68, 720, 'Bank Transfer', '2023-04-14 12:56:33'),
(69, 69, 1125, 'Credit Card', '2023-04-16 14:12:44'),
(70, 70, 1125, 'Debit Card', '2023-04-18 16:23:55'),
(71, 71, 600, 'PayPal', '2023-04-20 18:34:11'),
(72, 72, 1350, 'Credit Card', '2023-04-22 10:45:22'),
(73, 73, 600, 'Debit Card', '2023-04-24 12:56:33'),
(74, 74, 1575, 'Bank Transfer', '2023-04-26 14:12:44'),
(75, 75, 450, 'Credit Card', '2023-04-28 16:23:55'),
(76, 76, 1350, 'PayPal', '2023-04-29 18:34:11'),
(77, 77, 900, 'Debit Card', '2023-04-30 10:45:22'),
(78, 78, 1575, 'Credit Card', '2023-04-30 12:56:33'),
(79, 79, 300, 'Bank Transfer', '2023-04-30 14:12:44'),
(80, 80, 1800, 'Credit Card', '2023-04-30 16:23:55'),

(81, 81, 600, 'Debit Card', '2023-04-30 18:34:11'),
(82, 82, 900, 'Credit Card', '2023-05-02 10:45:22'),
(83, 83, 900, 'PayPal', '2023-05-04 12:56:33'),
(84, 84, 1125, 'Bank Transfer', '2023-05-06 14:12:44'),
(85, 85, 300, 'Debit Card', '2023-05-08 16:23:55'),
(86, 86, 720, 'Credit Card', '2023-05-10 18:34:11'),
(87, 87, 900, 'Debit Card', '2023-05-12 10:45:22'),
(88, 88, 720, 'PayPal', '2023-05-14 12:56:33'),
(89, 89, 1125, 'Credit Card', '2023-05-16 14:12:44'),
(90, 90, 1125, 'Bank Transfer', '2023-05-18 16:23:55'),
(91, 91, 600, 'Debit Card', '2023-05-20 18:34:11'),
(92, 92, 1350, 'Credit Card', '2023-05-22 10:45:22'),
(93, 93, 600, 'PayPal', '2023-05-24 12:56:33'),
(94, 94, 1575, 'Debit Card', '2023-05-26 14:12:44'),
(95, 95, 450, 'Credit Card', '2023-05-28 16:23:55'),
(96, 96, 1350, 'Bank Transfer', '2023-05-29 18:34:11'),
(97, 97, 900, 'Debit Card', '2023-05-30 10:45:22'),
(98, 98, 1575, 'Credit Card', '2023-05-31 12:56:33'),
(99, 99, 300, 'PayPal', '2023-05-31 14:12:44'),
(100, 100, 1800, 'Bank Transfer', '2023-05-31 16:23:55'),

(101, 101, 600, 'Credit Card', '2023-05-31 18:34:11'),
(102, 102, 900, 'Debit Card', '2023-06-02 10:45:22'),
(103, 103, 900, 'PayPal', '2023-06-04 12:56:33'),
(104, 104, 1125, 'Bank Transfer', '2023-06-06 14:12:44'),
(105, 105, 300, 'Credit Card', '2023-06-08 16:23:55'),
(106, 106, 720, 'Debit Card', '2023-06-10 18:34:11'),
(107, 107, 900, 'Credit Card', '2023-06-12 10:45:22'),
(108, 108, 720, 'PayPal', '2023-06-14 12:56:33'),
(109, 109, 1125, 'Debit Card', '2023-06-16 14:12:44'),
(110, 110, 1125, 'Credit Card', '2023-06-18 16:23:55'),
(111, 111, 600, 'Bank Transfer', '2023-06-20 18:34:11'),
(112, 112, 1350, 'Debit Card', '2023-06-22 10:45:22'),
(113, 113, 600, 'Credit Card', '2023-06-24 12:56:33'),
(114, 114, 1575, 'PayPal', '2023-06-26 14:12:44'),
(115, 115, 450, 'Bank Transfer', '2023-06-28 16:23:55'),
(116, 116, 1350, 'Credit Card', '2023-06-29 18:34:11'),
(117, 117, 900, 'Debit Card', '2023-06-30 10:45:22'),
(118, 118, 1575, 'PayPal', '2023-06-30 12:56:33'),
(119, 119, 300, 'Credit Card', '2023-06-30 14:12:44'),
(120, 120, 1800, 'Bank Transfer', '2023-06-30 16:23:55'),

(121, 121, 600, 'Debit Card', '2023-06-30 18:34:11'),
(122, 122, 900, 'Credit Card', '2023-07-02 10:45:22'),
(123, 123, 900, 'PayPal', '2023-07-04 12:56:33'),
(124, 124, 1125, 'Bank Transfer', '2023-07-06 14:12:44'),
(125, 125, 300, 'Debit Card', '2023-07-08 16:23:55'),
(126, 126, 720, 'Credit Card', '2023-07-10 18:34:11'),
(127, 127, 900, 'PayPal', '2023-07-12 10:45:22'),
(128, 128, 720, 'Debit Card', '2023-07-14 12:56:33'),
(129, 129, 1125, 'Credit Card', '2023-07-16 14:12:44'),
(130, 130, 1125, 'Bank Transfer', '2023-07-18 16:23:55'),
(131, 131, 600, 'Debit Card', '2023-07-20 18:34:11'),
(132, 132, 1350, 'Credit Card', '2023-07-22 10:45:22'),
(133, 133, 600, 'PayPal', '2023-07-24 12:56:33'),
(134, 134, 1575, 'Bank Transfer', '2023-07-26 14:12:44'),
(135, 135, 450, 'Credit Card', '2023-07-28 16:23:55'),
(136, 136, 1350, 'Debit Card', '2023-07-29 18:34:11'),
(137, 137, 900, 'PayPal', '2023-07-30 10:45:22'),
(138, 138, 1575, 'Credit Card', '2023-07-31 12:56:33'),
(139, 139, 300, 'Bank Transfer', '2023-07-31 14:12:44'),
(140, 140, 1800, 'Debit Card', '2023-07-31 16:23:55'),
(141, 141, 600, 'Credit Card', '2023-07-31 18:34:11'),
(142, 142, 900, 'PayPal', '2023-08-02 10:45:22'),
(143, 143, 900, 'Bank Transfer', '2023-08-04 12:56:33'),
(144, 144, 1125, 'Debit Card', '2023-08-06 14:12:44'),
(145, 145, 300, 'Credit Card', '2023-08-08 16:23:55'),
(146, 146, 720, 'PayPal', '2023-08-10 18:34:11'),
(147, 147, 900, 'Bank Transfer', '2023-08-12 10:45:22'),
(148, 148, 720, 'Credit Card', '2023-08-14 12:56:33'),
(149, 149, 1125, 'Debit Card', '2023-08-16 14:12:44'),
(150, 150, 1125, 'Credit Card', '2023-08-18 16:23:55');


--6
CREATE TABLE services (
  id INT PRIMARY KEY,
  service_name VARCHAR(100),
  price INT
);


INSERT INTO services (id, service_name, price) VALUES

(1, 'Standard Room Cleaning', 25),
(2, 'Deep Cleaning Service', 75),
(3, 'Express Room Cleaning', 40),
(4, 'Turn Down Service', 15),
(5, 'Pillow Menu Selection', 0),
(6, 'Extra Pillow', 10),
(7, 'Extra Blanket', 10),
(8, 'Room Fragrance Service', 20),
(9, 'Daily Newspaper Delivery', 5),
(10, 'Flower Arrangement', 35),
(11, 'Romantic Room Decoration', 50),
(12, 'Birthday Room Decoration', 45),
(13, 'Anniversary Package', 65),
(14, 'Honeymoon Package', 85),
(15, 'Pet Accommodation Fee', 30),
(16, 'Breakfast in Bed', 22),
(17, 'Continental Breakfast', 18),
(18, 'American Breakfast', 25),
(19, 'Champagne Breakfast', 45),
(20, 'Room Service Delivery Fee', 8),
(21, 'Mini-bar Restocking Fee', 15),
(22, 'Bottle of Water', 4),
(23, 'Soft Drink', 3),
(24, 'Local Beer', 6),
(25, 'Imported Beer', 8),
(26, 'Glass of House Wine', 9),
(27, 'Glass of Premium Wine', 15),
(28, 'Bottle of House Wine', 30),
(29, 'Bottle of Premium Wine', 75),
(30, 'Cocktail', 12),
(31, 'Afternoon Tea Set', 28),
(32, 'Cheese Platter', 24),
(33, 'Fruit Basket', 18),
(34, 'Chocolate Box', 16),
(35, 'Midnight Snack Pack', 20),
(36, 'Swedish Massage (30 min)', 55),
(37, 'Swedish Massage (60 min)', 95),
(38, 'Deep Tissue Massage (30 min)', 60),
(39, 'Deep Tissue Massage (60 min)', 105),
(40, 'Aromatherapy Session', 85),
(41, 'Hot Stone Massage', 120),
(42, 'Couples Massage', 180),
(43, 'Facial Treatment', 90),
(44, 'Manicure', 35),
(45, 'Pedicure', 45),
(46, 'Hair Styling', 50),
(47, 'Makeup Application', 60),
(48, 'Sauna Access', 25),
(49, 'Steam Room Access', 25),
(50, 'Poolside Massage', 110),
(51, 'Printing (per page)', 1),
(52, 'Photocopying (per page)', 0.5),
(53, 'Fax Service (per page)', 2),
(54, 'Document Scanning', 5),
(55, 'Notary Service', 25),
(56, 'Conference Room Rental (per hour)', 50),
(57, 'Meeting Room Rental (per hour)', 35),
(58, 'Video Conference Setup', 75),
(59, 'Secretarial Services (per hour)', 40),
(60, 'Translation Services (per hour)', 60),
(61, 'Computer Rental', 30),
(62, 'Projector Rental', 45),
(63, 'Office Supplies Kit', 15),
(64, 'Courier Service', 20),
(65, 'Mail Handling', 5),
(66, 'Airport Transfer (Sedan)', 45),
(67, 'Airport Transfer (SUV)', 65),
(68, 'Airport Transfer (Luxury)', 95),
(69, 'City Tour (per person)', 35),
(70, 'Wine Tasting Tour', 80),
(71, 'Historical Sites Tour', 55),
(72, 'Shopping Tour', 40),
(73, 'Private Driver (per hour)', 30),
(74, 'Car Rental (Economy)', 65),
(75, 'Car Rental (Mid-size)', 85),
(76, 'Car Rental (Luxury)', 150),
(77, 'Bicycle Rental', 15),
(78, 'Motor Scooter Rental', 35),
(79, 'Helicopter Tour', 250),
(80, 'Boat Cruise', 90),
(81, 'Taxi Arrangement Fee', 5),
(82, 'Valet Parking (per day)', 25),
(83, 'Self Parking (per day)', 15),
(84, 'EV Charging Station', 10),
(85, 'Limousine Service (per hour)', 100),
(86, 'Laundry Service (per item)', 8),
(87, 'Dry Cleaning (per item)', 12),
(88, 'Shoe Shine Service', 10),
(89, 'Ironing Service (per item)', 5),
(90, 'Sewing Kit', 3),
(91, 'Umbrella Rental', 5),
(92, 'Luggage Storage', 10),
(93, 'Early Check-In Fee', 40),
(94, 'Late Check-Out Fee', 40),
(95, 'Child Care Services (per hour)', 25),
(96, 'Pet Sitting (per hour)', 20),
(97, 'Gym Personal Trainer (per hour)', 60),
(98, 'Yoga Instructor (per session)', 45),
(99, 'Photography Service', 75),
(100, 'Gift Shop Voucher', 0);

--7
CREATE TABLE service_requests (
  id INT PRIMARY KEY,
  booking_id INT,
  service_id INT,
  request_time TIMESTAMP,
  FOREIGN KEY (booking_id) REFERENCES bookings(id),
  FOREIGN KEY (service_id) REFERENCES services(id)
);

INSERT INTO service_requests (id, booking_id, service_id, request_time) VALUES
-- January requests (1-20)
(1, 5, 16, '2023-01-18 08:15:23'),
(2, 5, 9, '2023-01-18 09:30:45'),
(3, 2, 36, '2023-01-11 14:20:12'),
(4, 8, 66, '2023-01-24 16:45:33'),
(5, 3, 86, '2023-01-13 10:30:21'),
(6, 10, 31, '2023-01-29 15:10:44'),
(7, 7, 44, '2023-01-23 11:25:37'),
(8, 12, 22, '2023-02-01 21:15:19'),
(9, 15, 14, '2023-01-31 18:30:55'),
(10, 19, 42, '2023-01-31 16:45:22'),
(11, 4, 51, '2023-01-16 09:10:33'),
(12, 6, 77, '2023-01-21 13:20:41'),
(13, 9, 33, '2023-01-28 17:35:12'),
(14, 11, 28, '2023-01-30 20:10:25'),
(15, 13, 92, '2023-02-01 08:45:18'),
(16, 14, 6, '2023-02-01 22:30:42'),
(17, 16, 82, '2023-02-01 15:20:33'),
(18, 17, 98, '2023-02-02 07:15:27'),
(19, 18, 25, '2023-02-03 19:40:15'),
(20, 20, 73, '2023-02-01 10:25:36'),

-- February requests (21-40)
(21, 21, 17, '2023-02-04 07:30:22'),
(22, 25, 38, '2023-02-13 15:45:11'),
(23, 22, 67, '2023-02-06 09:20:33'),
(24, 28, 87, '2023-02-19 11:10:44'),
(25, 23, 23, '2023-02-09 21:30:55'),
(26, 26, 45, '2023-02-15 10:15:22'),
(27, 29, 32, '2023-02-21 16:20:33'),
(28, 24, 52, '2023-02-11 08:45:11'),
(29, 27, 78, '2023-02-17 14:30:44'),
(30, 30, 43, '2023-02-23 12:15:33'),
(31, 31, 18, '2023-02-25 08:10:22'),
(32, 33, 39, '2023-02-26 17:45:11'),
(33, 35, 68, '2023-02-28 10:20:33'),
(34, 32, 88, '2023-02-26 09:15:44'),
(35, 34, 24, '2023-02-27 19:30:55'),
(36, 36, 46, '2023-03-01 11:25:22'),
(37, 37, 34, '2023-03-02 14:15:33'),
(38, 38, 53, '2023-03-03 08:45:11'),
(39, 39, 79, '2023-03-01 16:30:44'),
(40, 40, 47, '2023-03-02 13:20:33'),

-- March requests (41-60)
(41, 41, 19, '2023-03-02 07:15:22'),
(42, 45, 40, '2023-03-10 15:30:11'),
(43, 42, 69, '2023-03-04 09:45:33'),
(44, 48, 89, '2023-03-16 11:25:44'),
(45, 43, 26, '2023-03-06 20:15:55'),
(46, 46, 48, '2023-03-12 10:30:22'),
(47, 49, 35, '2023-03-18 16:45:33'),
(48, 44, 54, '2023-03-08 08:15:11'),
(49, 47, 80, '2023-03-14 14:20:44'),
(50, 50, 49, '2023-03-20 12:10:33'),
(51, 51, 20, '2023-03-22 08:30:22'),
(52, 53, 41, '2023-03-26 17:15:11'),
(53, 55, 70, '2023-03-29 10:45:33'),
(54, 52, 90, '2023-03-24 09:20:44'),
(55, 54, 27, '2023-03-28 19:10:55'),
(56, 56, 50, '2023-03-31 11:45:22'),
(57, 57, 37, '2023-04-01 14:30:33'),
(58, 58, 55, '2023-04-02 08:15:11'),
(59, 59, 81, '2023-04-01 16:20:44'),
(60, 60, 99, '2023-04-02 13:45:33'),

-- April requests (61-80)
(61, 61, 21, '2023-04-03 07:30:22'),
(62, 65, 93, '2023-04-11 15:10:11'),
(63, 62, 71, '2023-04-05 09:45:33'),
(64, 68, 1, '2023-04-16 11:20:44'),
(65, 63, 29, '2023-04-07 20:30:55'),
(66, 66, 2, '2023-04-13 10:15:22'),
(67, 69, 3, '2023-04-18 16:25:33'),
(68, 64, 4, '2023-04-09 08:45:11'),
(69, 67, 5, '2023-04-15 14:30:44'),
(70, 70, 7, '2023-04-20 12:15:33'),
(71, 71, 8, '2023-04-22 08:20:22'),
(72, 73, 10, '2023-04-26 17:45:11'),
(73, 75, 11, '2023-04-29 10:30:33'),
(74, 72, 12, '2023-04-24 09:15:44'),
(75, 74, 13, '2023-04-28 19:20:55'),
(76, 76, 15, '2023-05-01 11:10:22'),
(77, 77, 30, '2023-05-02 14:45:33'),
(78, 78, 56, '2023-05-03 08:30:11'),
(79, 79, 57, '2023-05-01 16:15:44'),
(80, 80, 58, '2023-05-02 13:20:33'),

-- May requests (81-100)
(81, 81, 59, '2023-05-03 07:45:22'),
(82, 85, 60, '2023-05-11 15:30:11'),
(83, 82, 61, '2023-05-05 09:15:33'),
(84, 88, 62, '2023-05-16 11:45:44'),
(85, 83, 63, '2023-05-07 20:20:55'),
(86, 86, 64, '2023-05-13 10:30:22'),
(87, 89, 65, '2023-05-18 16:15:33'),
(88, 84, 72, '2023-05-09 08:45:11'),
(89, 87, 74, '2023-05-15 14:20:44'),
(90, 90, 75, '2023-05-20 12:30:33'),
(91, 91, 76, '2023-05-22 08:15:22'),
(92, 93, 83, '2023-05-26 17:30:11'),
(93, 95, 84, '2023-05-29 10:45:33'),
(94, 92, 85, '2023-05-24 09:20:44'),
(95, 94, 91, '2023-05-28 19:15:55'),
(96, 96, 94, '2023-06-01 11:30:22'),
(97, 97, 95, '2023-06-02 14:20:33'),
(98, 98, 96, '2023-06-03 08:45:11'),
(99, 99, 97, '2023-06-01 16:30:44'),
(100, 100, 100, '2023-06-02 13:15:33'),

-- June-July requests (101-150)
(101, 101, 16, '2023-06-03 07:20:22'),
(102, 105, 17, '2023-06-11 15:45:11'),
(103, 102, 18, '2023-06-05 09:30:33'),
(104, 108, 19, '2023-06-16 11:15:44'),
(105, 103, 20, '2023-06-07 20:45:55'),
(106, 106, 21, '2023-06-13 10:20:22'),
(107, 109, 22, '2023-06-18 16:30:33'),
(108, 104, 23, '2023-06-09 08:15:11'),
(109, 107, 24, '2023-06-15 14:45:44'),
(110, 110, 25, '2023-06-20 12:20:33'),
(111, 111, 26, '2023-06-22 08:30:22'),
(112, 113, 27, '2023-06-26 17:15:11'),
(113, 115, 28, '2023-06-29 10:30:33'),
(114, 112, 29, '2023-06-24 09:45:44'),
(115, 114, 30, '2023-06-28 19:20:55'),
(116, 116, 31, '2023-07-01 11:15:22'),
(117, 117, 32, '2023-07-02 14:30:33'),
(118, 118, 33, '2023-07-03 08:20:11'),
(119, 119, 34, '2023-07-01 16:45:44'),
(120, 120, 35, '2023-07-02 13:30:33'),
(121, 121, 36, '2023-07-03 07:45:22'),
(122, 125, 37, '2023-07-11 15:15:11'),
(123, 122, 38, '2023-07-05 09:30:33'),
(124, 128, 39, '2023-07-16 11:45:44'),
(125, 123, 40, '2023-07-07 20:15:55'),
(126, 126, 41, '2023-07-13 10:30:22'),
(127, 129, 42, '2023-07-18 16:20:33'),
(128, 124, 43, '2023-07-09 08:45:11'),
(129, 127, 44, '2023-07-15 14:15:44'),
(130, 130, 45, '2023-07-20 12:30:33'),
(131, 131, 46, '2023-07-22 08:20:22'),
(132, 133, 47, '2023-07-26 17:45:11'),
(133, 135, 48, '2023-07-29 10:15:33'),
(134, 132, 49, '2023-07-24 09:30:44'),
(135, 134, 50, '2023-07-28 19:45:55'),
(136, 136, 51, '2023-08-01 11:20:22'),
(137, 137, 52, '2023-08-02 14:15:33'),
(138, 138, 53, '2023-08-03 08:30:11'),
(139, 139, 54, '2023-08-01 16:20:44'),
(140, 140, 55, '2023-08-02 13:45:33'),
(141, 141, 56, '2023-08-03 07:30:22'),
(142, 145, 57, '2023-08-11 15:45:11'),
(143, 142, 58, '2023-08-05 09:15:33'),
(144, 148, 59, '2023-08-16 11:30:44'),
(145, 143, 60, '2023-08-07 20:45:55'),
(146, 146, 61, '2023-08-13 10:20:22'),
(147, 149, 62, '2023-08-18 16:30:33'),
(148, 144, 63, '2023-08-09 08:15:11'),
(149, 147, 64, '2023-08-15 14:45:44'),
(150, 150, 65, '2023-08-20 12:20:33');

--8

CREATE TABLE employees (
  id INT PRIMARY KEY,
  name VARCHAR(100) not null,
  role VARCHAR(50) not null,
  contact VARCHAR(15) not null ,
  constraint CONTACTS unique(contact)
);

INSERT INTO employees (id, name, role, contact) VALUES
(1, 'Sarah Johnson', 'General Manager', '9857895285'),
(2, 'Arun Mehta', 'Front Desk Executive', '9876543210'),
(3, 'Nisha Verma', 'Housekeeping Staff', '9845123678'),
(4, 'Ravi Kumar', 'Room Service Staff', '9834567890'),
(5, 'Priya Sharma', 'Housekeeping Supervisor', '9823456789'),
(6, 'Manoj Singh', 'Chef', '9812345678'),
(7, 'Anita Reddy', 'Waitress', '9801234567'),
(8, 'Suresh Babu', 'Bell Boy', '9898765432'),
(9, 'Komal Patil', 'Laundry Staff', '9887654321'),
(10, 'Rajesh Iyer', 'Receptionist', '9876543098'),
(11, 'Divya Joshi', 'Room Cleaner', '9865432109'),
(12, 'Vikram Chauhan', 'Concierge', '9854321098'),
(13, 'Deepika Rao', 'Bartender', '9843210987'),
(14, 'Sunil Tiwari', 'Waiter', '9832109876'),
(15, 'Rekha Das', 'Room Service', '9821098765'),
(16, 'Mohit Jain', 'Maintenance Staff', '9810987654'),
(17, 'Kavita Gupta', 'Electrician', '9809876543'),
(18, 'Ajay Nair', 'Security Guard', '9890123456'),
(19, 'Pooja Shah', 'Cleaning Staff', '9881234567'),
(20, 'Rohan Malhotra', 'Valet', '9872345678'),
(21, 'Sneha Kulkarni', 'Front Desk Assistant', '9863456789'),
(22, 'Tanya Dutta', 'Housekeeping', '9854567890'),
(23, 'Abhishek Dubey', 'Doorman', '9845678901'),
(24, 'Preeti Sinha', 'Room Attendant', '9836789012'),
(25, 'Gaurav Pandey', 'Receptionist', '9827890123'),
(26, 'Shalini Menon', 'Kitchen Assistant', '9818901234'),
(27, 'Yogesh Shetty', 'Room Service', '9809012345'),
(28, 'Meena George', 'Steward', '9890123987'),
(29, 'Naveen Thomas', 'Manager on Duty', '9881239876'),
(30, 'Amrita Das', 'Hostess', '9872349765'),
(31, 'Hemant Roy', 'Floor Supervisor', '9863459654'),
(32, 'Neha Srivastava', 'Front Desk Officer', '9854569543'),
(33, 'Kiran Yadav', 'Bartender', '9845679432'),
(34, 'Alok Mishra', 'Technician', '9836789321'),
(35, 'Anjali Chauhan', 'Cleaner', '9827899210'),
(36, 'Dinesh Rawat', 'Room Boy', '9818909109'),
(37, 'Ritika Sengupta', 'Service Staff', '9809018998'),
(38, 'Ashok Desai', 'IT Maintenance', '9890127887'),
(39, 'Bhavna Patel', 'Bell Desk Staff', '9881236776'),
(40, 'Karthik R', 'Store Keeper', '9872345665'),
(41, 'Simran B', 'Room Supervisor', '9863454554'),
(42, 'Zubair Khan', 'Electrician', '9854563443'),
(43, 'Lavanya Iyer', 'Wait Staff', '9845672332'),
(44, 'Siddharth Rao', 'Head Chef', '9836781221'),
(45, 'Tanvi Nair', 'Kitchen Helper', '9827890110'),
(46, 'Nikhil Bose', 'Gardener', '9818901009'),
(47, 'Geeta Sharma', 'Cleaner', '9809010998'),
(48, 'Harsh Sinha', 'Receptionist', '9890120887'),
(49, 'Shraddha Kapoor', 'Hostess', '9881230776'),
(50, 'Aakash Varma', 'Night Duty Manager', '9872340665');


--9
CREATE TABLE room_cleaning_schedule (
  id INT PRIMARY KEY,
  room_id INT,
  employee_id INT,
  scheduled_date DATE,
  status VARCHAR(20),
  FOREIGN KEY (room_id) REFERENCES rooms(id),
  FOREIGN KEY (employee_id) REFERENCES employees(id)
);

INSERT INTO room_cleaning_schedule (id, room_id, employee_id, scheduled_date, status) VALUES
(1, 1, 17, '2023-01-05', 'completed'),
(2, 2, 18, '2023-01-05', 'completed'),
(3, 3, 19, '2023-01-05', 'completed'),
(4, 4, 17, '2023-01-06', 'completed'),
(5, 5, 18, '2023-01-06', 'completed'),
(6, 6, 19, '2023-01-06', 'completed'),
(7, 7, 17, '2023-01-07', 'completed'),
(8, 8, 18, '2023-01-07', 'completed'),
(9, 9, 19, '2023-01-07', 'completed'),
(10, 10, 17, '2023-01-08', 'completed'),
(11, 11, 18, '2023-01-08', 'completed'),
(12, 12, 19, '2023-01-08', 'completed'),
(13, 13, 17, '2023-01-09', 'completed'),
(14, 14, 18, '2023-01-09', 'completed'),
(15, 15, 19, '2023-01-09', 'completed'),
(16, 16, 17, '2023-01-10', 'completed'),
(17, 17, 18, '2023-01-10', 'completed'),
(18, 18, 19, '2023-01-10', 'completed'),
(19, 19, 17, '2023-01-11', 'completed'),
(20, 20, 18, '2023-01-11', 'completed'),
(21, 1, 19, '2023-01-11', 'completed'),
(22, 2, 17, '2023-01-12', 'completed'),
(23, 3, 18, '2023-01-12', 'completed'),
(24, 4, 19, '2023-01-12', 'completed'),
(25, 5, 17, '2023-01-13', 'completed'),
(26, 6, 18, '2023-02-01', 'completed'),
(27, 7, 19, '2023-02-01', 'completed'),
(28, 8, 17, '2023-02-01', 'completed'),
(29, 9, 18, '2023-02-02', 'completed'),
(30, 10, 19, '2023-02-02', 'completed'),
(31, 11, 17, '2023-02-02', 'completed'),
(32, 12, 18, '2023-02-03', 'completed'),
(33, 13, 19, '2023-02-03', 'completed'),
(34, 14, 17, '2023-02-03', 'completed'),
(35, 15, 18, '2023-02-04', 'completed'),
(36, 16, 19, '2023-02-04', 'completed'),
(37, 17, 17, '2023-02-04', 'completed'),
(38, 18, 18, '2023-02-05', 'completed'),
(39, 19, 19, '2023-02-05', 'completed'),
(40, 20, 17, '2023-02-05', 'completed'),
(41, 1, 18, '2023-02-06', 'completed'),
(42, 2, 19, '2023-02-06', 'completed'),
(43, 3, 17, '2023-02-06', 'completed'),
(44, 4, 18, '2023-02-07', 'completed'),
(45, 5, 19, '2023-02-07', 'completed'),
(46, 6, 17, '2023-02-07', 'completed'),
(47, 7, 18, '2023-02-08', 'completed'),
(48, 8, 19, '2023-02-08', 'completed'),
(49, 9, 17, '2023-02-08', 'completed'),
(50, 10, 18, '2023-02-09', 'completed'),
(51, 11, 19, '2023-03-01', 'completed'),
(52, 12, 17, '2023-03-01', 'completed'),
(53, 13, 18, '2023-03-01', 'completed'),
(54, 14, 19, '2023-03-02', 'completed'),
(55, 15, 17, '2023-03-02', 'completed'),
(56, 16, 18, '2023-03-02', 'completed'),
(57, 17, 19, '2023-03-03', 'completed'),
(58, 18, 17, '2023-03-03', 'completed'),
(59, 19, 18, '2023-03-03', 'completed'),
(60, 20, 19, '2023-03-04', 'completed'),
(61, 1, 17, '2023-03-04', 'completed'),
(62, 2, 18, '2023-03-04', 'completed'),
(63, 3, 19, '2023-03-05', 'completed'),
(64, 4, 17, '2023-03-05', 'completed'),
(65, 5, 18, '2023-03-05', 'completed'),
(66, 6, 19, '2023-03-06', 'completed'),
(67, 7, 17, '2023-03-06', 'completed'),
(68, 8, 18, '2023-03-06', 'completed'),
(69, 9, 19, '2023-03-07', 'completed'),
(70, 10, 17, '2023-03-07', 'completed'),
(71, 11, 18, '2023-03-07', 'completed'),
(72, 12, 19, '2023-03-08', 'completed'),
(73, 13, 17, '2023-03-08', 'completed'),
(74, 14, 18, '2023-03-08', 'completed'),
(75, 15, 19, '2023-03-09', 'completed'),
(76, 16, 17, '2023-04-01', 'completed'),
(77, 17, 18, '2023-04-01', 'completed'),
(78, 18, 19, '2023-04-01', 'completed'),
(79, 19, 17, '2023-04-02', 'completed'),
(80, 20, 18, '2023-04-02', 'completed'),
(81, 1, 19, '2023-04-02', 'completed'),
(82, 2, 17, '2023-04-03', 'completed'),
(83, 3, 18, '2023-04-03', 'completed'),
(84, 4, 19, '2023-04-03', 'completed'),
(85, 5, 17, '2023-04-04', 'completed'),
(86, 6, 18, '2023-04-04', 'completed'),
(87, 7, 19, '2023-04-04', 'completed'),
(88, 8, 17, '2023-04-05', 'completed'),
(89, 9, 18, '2023-04-05', 'completed'),
(90, 10, 19, '2023-04-05', 'completed'),
(91, 11, 17, '2023-04-06', 'completed'),
(92, 12, 18, '2023-04-06', 'completed'),
(93, 13, 19, '2023-04-06', 'completed'),
(94, 14, 17, '2023-04-07', 'completed'),
(95, 15, 18, '2023-04-07', 'completed'),
(96, 16, 19, '2023-04-07', 'completed'),
(97, 17, 17, '2023-04-08', 'completed'),
(98, 18, 18, '2023-04-08', 'completed'),
(99, 19, 19, '2023-04-08', 'completed'),
(100, 20, 17, '2023-04-09', 'completed'),
(101, 1, 18, '2023-05-01', 'completed'),
(102, 2, 19, '2023-05-01', 'completed'),
(103, 3, 17, '2023-05-01', 'completed'),
(104, 4, 18, '2023-05-02', 'completed'),
(105, 5, 19, '2023-05-02', 'completed'),
(106, 6, 17, '2023-05-02', 'completed'),
(107, 7, 18, '2023-05-03', 'completed'),
(108, 8, 19, '2023-05-03', 'completed'),
(109, 9, 17, '2023-05-03', 'completed'),
(110, 10, 18, '2023-05-04', 'completed'),
(111, 11, 19, '2023-05-04', 'completed'),
(112, 12, 17, '2023-05-04', 'completed'),
(113, 13, 18, '2023-05-05', 'completed'),
(114, 14, 19, '2023-05-05', 'completed'),
(115, 15, 17, '2023-05-05', 'completed'),
(116, 16, 18, '2023-05-06', 'completed'),
(117, 17, 19, '2023-05-06', 'completed'),
(118, 18, 17, '2023-05-06', 'completed'),
(119, 19, 18, '2023-05-07', 'completed'),
(120, 20, 19, '2023-05-07', 'completed'),
(121, 1, 17, '2023-05-07', 'completed'),
(122, 2, 18, '2023-05-08', 'completed'),
(123, 3, 19, '2023-05-08', 'completed'),
(124, 4, 17, '2023-05-08', 'completed'),
(125, 5, 18, '2023-05-09', 'completed'),
(126, 6, 19, '2023-06-01', 'completed'),
(127, 7, 17, '2023-06-01', 'completed'),
(128, 8, 18, '2023-06-01', 'completed'),
(129, 9, 19, '2023-06-02', 'completed'),
(130, 10, 17, '2023-06-02', 'completed'),
(131, 11, 18, '2023-06-02', 'completed'),
(132, 12, 19, '2023-06-03', 'completed'),
(133, 13, 17, '2023-06-03', 'completed'),
(134, 14, 18, '2023-06-03', 'completed'),
(135, 15, 19, '2023-06-04', 'completed'),
(136, 16, 17, '2023-06-04', 'completed'),
(137, 17, 18, '2023-06-04', 'completed'),
(138, 18, 19, '2023-06-05', 'completed'),
(139, 19, 17, '2023-06-05', 'completed'),
(140, 20, 18, '2023-06-05', 'completed'),
(141, 1, 19, '2023-06-06', 'completed'),
(142, 2, 17, '2023-06-06', 'completed'),
(143, 3, 18, '2023-06-06', 'completed'),
(144, 4, 19, '2023-06-07', 'completed'),
(145, 5, 17, '2023-06-07', 'completed'),
(146, 6, 18, '2023-06-07', 'completed'),
(147, 7, 19, '2023-06-08', 'completed'),
(148, 8, 17, '2023-06-08', 'completed'),
(149, 9, 18, '2023-06-08', 'completed'),
(150, 10, 19, '2023-06-09', 'completed');

--10
CREATE TABLE feedback (
  id INT PRIMARY KEY,
  guest_id INT,
  comment VARCHAR (450),
  rating INT CHECK (rating  >= 1 and rating <= 9 ),
  submitted_at TIMESTAMP,
  FOREIGN KEY (guest_id) REFERENCES guests(id)
);


INSERT INTO feedback (id, guest_id, comment, rating, submitted_at)
VALUES
(1, 1, 'Great stay overall, but the room could have been cleaner.', 7, '2023-01-15 14:30:00'),
(2, 2, 'Excellent service and comfortable beds!', 9, '2023-01-16 09:15:00'),
(3, 3, 'Average experience, nothing special.', 5, '2023-01-17 16:45:00'),
(4, 4, 'The staff was very rude and unhelpful.', 2, '2023-01-18 11:20:00'),
(5, 5, 'Perfect location and amazing views from the room.', 8, '2023-01-19 13:10:00'),
(6, 6, 'Breakfast options were limited and overpriced.', 4, '2023-01-20 10:05:00'),
(7, 7, 'Loved the spa facilities, will definitely return!', 9, '2023-01-21 15:30:00'),
(8, 8, 'Room had a strange odor that never went away.', 3, '2023-01-22 12:25:00'),
(9, 9, 'Friendly staff made our stay enjoyable.', 7, '2023-01-23 08:40:00'),
(10, 10, 'The WiFi was extremely slow throughout our stay.', 4, '2023-01-24 17:15:00'),
(11, 11, 'Best hotel in the city, worth every penny!', 9, '2023-01-25 14:50:00'),
(12, 12, 'Air conditioning didn''t work properly.', 3, '2023-01-26 19:30:00'),
(13, 13, 'Clean rooms and excellent housekeeping service.', 8, '2023-01-27 10:20:00'),
(14, 14, 'The pool was closed for maintenance without notice.', 5, '2023-01-28 13:45:00'),
(15, 15, 'Great value for money, would stay again.', 7, '2023-01-29 16:10:00'),
(16, 16, 'Bed was uncomfortable and pillows were too flat.', 4, '2023-01-30 09:35:00'),
(17, 17, 'Outstanding concierge service!', 9, '2023-01-31 11:50:00'),
(18, 18, 'Noise from the street kept us awake all night.', 2, '2023-02-01 14:15:00'),
(19, 19, 'Modern decor and very clean facilities.', 8, '2023-02-02 17:40:00'),
(20, 20, 'Room service forgot our order twice.', 3, '2023-02-03 10:05:00'),
(21, 21, 'Beautiful rooftop bar with amazing cocktails.', 8, '2023-02-04 12:30:00'),
(22, 22, 'The bathroom was not cleaned properly.', 4, '2023-02-05 15:55:00'),
(23, 23, 'Very comfortable beds and blackout curtains.', 7, '2023-02-06 18:20:00'),
(24, 24, 'Check-in process took over 30 minutes.', 5, '2023-02-07 09:45:00'),
(25, 25, 'Excellent location right in the city center.', 8, '2023-02-08 12:10:00'),
(26, 26, 'The mini-bar prices were outrageous.', 5, '2023-02-09 14:35:00'),
(27, 27, 'Staff went above and beyond to help us.', 9, '2023-02-10 17:00:00'),
(28, 28, 'Room was much smaller than advertised.', 4, '2023-02-11 10:25:00'),
(29, 29, 'Perfect for business travelers.', 7, '2023-02-12 12:50:00'),
(30, 30, 'The gym equipment was outdated.', 5, '2023-02-13 15:15:00'),
(31, 31, 'Lovely historic building with modern amenities.', 8, '2023-02-14 17:40:00'),
(32, 32, 'Parking was difficult and expensive.', 5, '2023-02-15 10:05:00'),
(33, 33, 'The restaurant food was exceptional.', 9, '2023-02-16 12:30:00'),
(34, 34, 'Our room wasn''t ready at check-in time.', 4, '2023-02-17 14:55:00'),
(35, 35, 'Great views and comfortable seating area.', 7, '2023-02-18 17:20:00'),
(36, 36, 'The elevator was out of service for 2 days.', 3, '2023-02-19 09:45:00'),
(37, 37, 'Very quiet rooms despite central location.', 8, '2023-02-20 12:10:00'),
(38, 38, 'Housekeeping entered without knocking first.', 4, '2023-02-21 14:35:00'),
(39, 39, 'Excellent kids'' facilities and activities.', 8, '2023-02-22 17:00:00'),
(40, 40, 'The shower had very low water pressure.', 5, '2023-02-23 10:25:00'),
(41, 41, 'Beautifully decorated for the holiday season.', 8, '2023-02-24 12:50:00'),
(42, 42, 'The safe in our room didn''t work.', 5, '2023-02-25 15:15:00'),
(43, 43, 'Front desk staff were incredibly helpful.', 9, '2023-02-26 17:40:00'),
(44, 44, 'Room was dusty and had cobwebs.', 3, '2023-02-27 10:05:00'),
(45, 45, 'Great selection of TV channels.', 7, '2023-02-28 12:30:00'),
(46, 46, 'The breakfast buffet was always crowded.', 5, '2023-03-01 14:55:00'),
(47, 47, 'Luxurious bedding and towels.', 8, '2023-03-02 17:20:00'),
(48, 48, 'Construction noise started early in the morning.', 3, '2023-03-03 09:45:00'),
(49, 49, 'Excellent vegan options at the restaurant.', 8, '2023-03-04 12:10:00'),
(50, 50, 'The thermostat was hard to adjust.', 5, '2023-03-05 14:35:00'),
(51, 51, 'Beautiful garden area to relax in.', 7, '2023-03-06 17:00:00'),
(52, 52, 'The fire alarm went off accidentally at night.', 4, '2023-03-07 10:25:00'),
(53, 53, 'Fast and efficient check-in process.', 8, '2023-03-08 12:50:00'),
(54, 54, 'The room smelled strongly of cigarettes.', 2, '2023-03-09 15:15:00'),
(55, 55, 'Great value for a luxury hotel.', 7, '2023-03-10 17:40:00'),
(56, 56, 'The pillows were too soft for my liking.', 5, '2023-03-11 10:05:00'),
(57, 57, 'Excellent turndown service with chocolates.', 8, '2023-03-12 12:30:00'),
(58, 58, 'The bathroom had mold in the grout.', 3, '2023-03-13 14:55:00'),
(59, 59, 'Very pet-friendly with great amenities.', 8, '2023-03-14 17:20:00'),
(60, 60, 'The room was too dark, needed more lighting.', 5, '2023-03-15 09:45:00'),
(61, 61, 'Amazing skyline views from our room.', 8, '2023-03-16 12:10:00'),
(62, 62, 'The coffee maker in the room was broken.', 4, '2023-03-17 14:35:00'),
(63, 63, 'Very quiet and peaceful atmosphere.', 8, '2023-03-18 17:00:00'),
(64, 64, 'The minibar wasn''t restocked daily.', 5, '2023-03-19 10:25:00'),
(65, 65, 'Excellent soundproofing between rooms.', 8, '2023-03-20 12:50:00'),
(66, 66, 'The shower drain was clogged.', 4, '2023-03-21 15:15:00'),
(67, 67, 'Beautiful historic charm with modern comforts.', 8, '2023-03-22 17:40:00'),
(68, 68, 'The room keys stopped working twice.', 5, '2023-03-23 10:05:00'),
(69, 69, 'Outstanding breakfast with local specialties.', 9, '2023-03-24 12:30:00'),
(70, 70, 'The TV remote didn''t work properly.', 5, '2023-03-25 14:55:00'),
(71, 71, 'Very comfortable workspace in the room.', 7, '2023-03-26 17:20:00'),
(72, 72, 'The curtains didn''t block out enough light.', 5, '2023-03-27 09:45:00'),
(73, 73, 'Excellent location near public transport.', 8, '2023-03-28 12:10:00'),
(74, 74, 'The room was too hot and AC didn''t cool enough.', 4, '2023-03-29 14:35:00'),
(75, 75, 'Lovely decor and artwork throughout.', 7, '2023-03-30 17:00:00'),
(76, 76, 'The hairdryer in the room was broken.', 4, '2023-03-31 10:25:00'),
(77, 77, 'Fantastic customer service at every turn.', 9, '2023-04-01 12:50:00'),
(78, 78, 'The bathroom was tiny with no counter space.', 4, '2023-04-02 15:15:00'),
(79, 79, 'Great selection of pillows to choose from.', 7, '2023-04-03 17:40:00'),
(80, 80, 'The WiFi kept disconnecting frequently.', 5, '2023-04-04 10:05:00'),
(81, 81, 'Beautiful lobby with comfortable seating.', 8, '2023-04-05 12:30:00'),
(82, 82, 'The room service menu was very limited.', 5, '2023-04-06 14:55:00'),
(83, 83, 'Very clean and well-maintained facilities.', 8, '2023-04-07 17:20:00'),
(84, 84, 'The bed was too firm for my preference.', 5, '2023-04-08 09:45:00'),
(85, 85, 'Excellent recommendations from the concierge.', 8, '2023-04-09 12:10:00'),
(86, 86, 'The bathroom door didn''t lock properly.', 4, '2023-04-10 14:35:00'),
(87, 87, 'Great location for exploring the city.', 8, '2023-04-11 17:00:00'),
(88, 88, 'The room was next to the noisy ice machine.', 4, '2023-04-12 10:25:00'),
(89, 89, 'Very comfortable robes and slippers provided.', 7, '2023-04-13 12:50:00'),
(90, 90, 'The in-room coffee was low quality.', 5, '2023-04-14 15:15:00'),
(91, 91, 'Beautiful views of the river from our room.', 8, '2023-04-15 17:40:00'),
(92, 92, 'The shower temperature was hard to regulate.', 5, '2023-04-16 10:05:00'),
(93, 93, 'Excellent sound system in the room.', 7, '2023-04-17 12:30:00'),
(94, 94, 'The closet space was very limited.', 5, '2023-04-18 14:55:00'),
(95, 95, 'Very fast and reliable WiFi connection.', 8, '2023-04-19 17:20:00'),
(96, 96, 'The bathroom amenities were not replenished.', 4, '2023-04-20 09:45:00'),
(97, 97, 'Excellent location near all the attractions.', 8, '2023-04-21 12:10:00'),
(98, 98, 'The room had a view of a brick wall.', 4, '2023-04-22 14:35:00'),
(99, 99, 'Very comfortable chairs in the room.', 7, '2023-04-23 17:00:00'),
(100, 100, 'The ironing board was missing from our room.', 5, '2023-04-24 10:25:00'),
(101, 101, 'Beautifully designed common areas.', 8, '2023-04-25 12:50:00'),
(102, 102, 'The room was not vacuumed properly.', 4, '2023-04-26 15:15:00'),
(103, 103, 'Excellent selection of restaurants nearby.', 8, '2023-04-27 17:40:00'),
(104, 104, 'The bathroom had no exhaust fan.', 5, '2023-04-28 10:05:00'),
(105, 105, 'Very comfortable mattress and linens.', 8, '2023-04-29 12:30:00'),
(106, 106, 'The room phone didn''t work properly.', 4, '2023-04-30 14:55:00'),
(107, 107, 'Excellent business center facilities.', 8, '2023-05-01 17:20:00'),
(108, 108, 'The windows didn''t open for fresh air.', 5, '2023-05-02 09:45:00'),
(109, 109, 'Very clean and well-stocked fitness center.', 8, '2023-05-03 12:10:00'),
(110, 110, 'The room had a musty smell when we arrived.', 4, '2023-05-04 14:35:00'),
(111, 111, 'Excellent variety at the breakfast buffet.', 8, '2023-05-05 17:00:00'),
(112, 112, 'The bathroom lighting was too dim.', 5, '2023-05-06 10:25:00'),
(113, 113, 'Very comfortable and spacious room.', 8, '2023-05-07 12:50:00'),
(114, 114, 'The air conditioning was too loud.', 5, '2023-05-08 15:15:00'),
(115, 115, 'Excellent security and felt very safe.', 8, '2023-05-09 17:40:00'),
(116, 116, 'The room had stains on the carpet.', 4, '2023-05-10 10:05:00'),
(117, 117, 'Very efficient and friendly housekeeping.', 8, '2023-05-11 12:30:00'),
(118, 118, 'The shower curtain didn''t keep water in.', 5, '2023-05-12 14:55:00'),
(119, 119, 'Excellent location for business meetings.', 8, '2023-05-13 17:20:00'),
(120, 120, 'The room had outdated decor.', 5, '2023-05-14 09:45:00'),
(121, 121, 'Very comfortable seating area in the room.', 7, '2023-05-15 12:10:00'),
(122, 122, 'The alarm clock was set wrong and woke us early.', 4, '2023-05-16 14:35:00'),
(123, 123, 'Excellent selection of pillows on the bed.', 8, '2023-05-17 17:00:00'),
(124, 124, 'The room service was very slow.', 5, '2023-05-18 10:25:00'),
(125, 125, 'Very clean and well-maintained pool area.', 8, '2023-05-19 12:50:00'),
(126, 126, 'The bathroom door squeaked loudly.', 5, '2023-05-20 15:15:00'),
(127, 127, 'Excellent blackout curtains for sleeping.', 8, '2023-05-21 17:40:00'),
(128, 128, 'The room had a view of the parking lot.', 5, '2023-05-22 10:05:00'),
(129, 129, 'Very comfortable and spacious bathroom.', 8, '2023-05-23 12:30:00'),
(130, 130, 'The in-room safe was too small for a laptop.', 5, '2023-05-24 14:55:00'),
(131, 131, 'Excellent location near shopping areas.', 8, '2023-05-25 17:20:00'),
(132, 132, 'The room had a broken desk chair.', 4, '2023-05-26 09:45:00'),
(133, 133, 'Very clean and fresh-smelling linens.', 8, '2023-05-27 12:10:00'),
(134, 134, 'The ice machine on our floor was broken.', 5, '2023-05-28 14:35:00'),
(135, 135, 'Excellent variety of TV channels.', 7, '2023-05-29 17:00:00'),
(136, 136, 'The room had no USB charging ports.', 5, '2023-05-30 10:25:00'),
(137, 137, 'Very comfortable and supportive mattress.', 8, '2023-05-31 12:50:00'),
(138, 138, 'The bathroom had no shelf space.', 5, '2023-06-01 15:15:00'),
(139, 139, 'Excellent temperature control in the room.', 8, '2023-06-02 17:40:00'),
(140, 140, 'The room had stains on the curtains.', 5, '2023-06-03 10:05:00'),
(141, 141, 'Very quiet location away from street noise.', 8, '2023-06-04 12:30:00'),
(142, 142, 'The bathroom mirror was poorly lit.', 5, '2023-06-05 14:55:00'),
(143, 143, 'Excellent selection of toiletries provided.', 8, '2023-06-06 17:20:00'),
(144, 144, 'The room had a broken closet door.', 4, '2023-06-07 09:45:00'),
(145, 145, 'Very comfortable and spacious work desk.', 8, '2023-06-08 12:10:00'),
(146, 146, 'The shower had inconsistent water temperature.', 5, '2023-06-09 14:35:00'),
(147, 147, 'Excellent luggage storage options.', 8, '2023-06-10 17:00:00'),
(148, 148, 'The room had no full-length mirror.', 5, '2023-06-11 10:25:00'),
(149, 149, 'Very comfortable and supportive pillows.', 8, '2023-06-12 12:50:00'),
(150, 150, 'The bathroom had poor water pressure.', 5, '2023-06-13 15:15:00');



----1. list all bookings that were completed.
select * from bookings where status = 'completed';

---2. find the total number of bookings made by each guest.
select g.id as guest_id,
    g.name as guest_name,
     count(b.id) as total_bookings
from guests g left join bookings b on g.id = b.guest_id group by g.id, g.name order by total_bookings desc;

---3. find the total number of bookings for each room.

select r.id as room_id,
     r.room_number,
     count(b.id) as total_bookings
from rooms r left join  bookings b on r.id = b.room_id group by  r.id, r.room_number order by   total_bookings desc;

---4. list the bookings that are for a stay longer than 3 days.

select  id as booking_id,guest_id,room_id,check_in, check_out,(check_out - check_in) as stay_duration 
from   bookings where (check_out- check_in) >= 4;

--5. list the bookings that started in january 2023.
select  id as booking_id,
     guest_id,
     room_id,
     check_in,
     check_out from  bookings where  check_in >= '2023-01-01' and check_in < '2023-02-01';
    
---6. find the guest who has made the most bookings.

select  g.id as guest_id, g.name as guest_name, count(b.id) as total_bookings
from guests g join bookings b on g.id = b.guest_id group by g.id, g.name having  count(b.id) =(select max(booking_count)
from (select guest_id, count(*) as booking_count from bookings group by guest_id) as counts );

---7. find the room that has been booked the most times.

select r.id as room_id,r.room_number,count(b.id) as total_bookings from rooms r join bookings b on r.id = b.room_id
group by r.id, r.room_number having count(b.id) = (select max(room_booking_count) 
from (select room_id, count(*) as room_booking_count from bookings group by room_id ) as room_counts);



--8. for each room, list the total number of nights it has been booked (sum of nights per booking).

select room_id,sum(check_out - check_in) as total_nights_booked from bookings group by room_id;

--9. list the bookings that include a specific date, say '2023-07-01'.

select * from bookings where '2023-07-01' between check_in and (check_out - interval '1 day');

--10. list the guest who has stayed the longest total nights (sum of nights across all their bookings).

select  guest_id ,sum(check_out - check_in) as total_nights 
from bookings group by guest_id order by  total_nights desc
limit 1;

--11. list the bookings that are for the same room and have overlapping dates (to check for double bookings?).

select b1.id as booking_id_1, b2.id as booking_id_2, b1.room_id from bookings b1 join bookings b2 on 
    b1.room_id = b2.room_id and b1.id < b2.id  and b1.check_in < b2.check_out and b2.check_in < b1.check_out;

--12. find the month with the highest number of bookings.

select to_char(check_in, 'yyyy-mm') as month,    count(*) as booking_count from bookings
group by to_char(check_in, 'yyyy-mm') order by booking_count desc limit 1;


--13. find the average length of stay (in nights) for all bookings.

select  avg(check_out - check_in) as avg_stay_length from bookings;



--14. list all bookings along with the number of nights of stay (check_out - check_in).

select  *, (check_out - check_in) as nights from  bookings;

--15. find the next booking after each booking for the same room? (this is advanced and may require window functions.)

select   b1.id as current_booking_id,b2.id as next_booking_id,b1.room_id,b1.check_out as current_checkout,b2.check_in as next_checkin
from bookings b1 join bookings b2 on b1.room_id = b2.room_id and b2.check_in > b1.check_out
where not exists (select 1 from bookings b3 where b3.room_id = b1.room_id and b3.check_in > b1.check_out and b3.check_in < b2.check_in);


--16. find the guest who gave the good feedback.

select g.id as guest_id,g.name,g.email,f.rating,f.comment,f.submitted_at from feedback f join guests g on f.guest_id = g.id 
where f.rating >= 7 order by  f.rating desc, f.submitted_at desc;

--17. find the guest who gave the bad feedback.

select g.id as guest_id,g.name,g.email,f.rating,f.comment,f.submitted_at from feedback f join guests g on f.guest_id = g.id 
where f.rating <= 4 order by  f.rating desc, f.submitted_at desc;

--18. for each month in 2023, count the number of bookings that started in that month.

select to_char(check_in, 'yyyy-mm') as month,count(*) as bookings_started from bookings 
where check_in between '2023-01-01' and '2023-12-31' group by to_char(check_in, 'yyyy-mm')order by month;


--19. service request for room cleaning

select rcs.id as request_id,rcs.room_id,rcs.scheduled_date,rcs.status,e.name as assigned_employee from room_cleaning_schedule rcs
join employees e on rcs.employee_id = e.id order by rcs.scheduled_date desc;

--20. list the bookings that were made for a room and the same guest has booked the same room again in the future (if any).

select b1.id as first_booking_id, b2.id as repeat_booking_id, b1.guest_id, b1.room_id from bookings 
b1 join bookings b2 on b1.guest_id = b2.guest_id and b1.room_id = b2.room_id and b2.check_in > b1.check_out;

--21  total revenue per month (from payments)

select to_char(payment_date, 'yyyy-mm') as month, sum(amount) as total_revenue from  payments group by month order by  month desc;

--22. guests who used the most paid services

select g.id as guest_id, g.name,count(bs.service_id) as total_services_used from  service_requests bs 
join bookings b on bs.booking_id = b.id join  guests g on b.guest_id = g.id group by  g.id, g.name 
order by  total_services_used desc limit 1;

--23 most popular service by usage

select bs.service_name as service_name, count(*) as usage_count from services bs join service_requests sr   on sr.service_id = sr.id
group by bs.service_name order by  usage_count desc limit 1;

--24 total earnings by payment method

select payment_method,sum(amount) as total_earned from  payments group by payment_method order by total_earned desc;